source,var_type,option_num,variable_num,,Variable Name,Concept,"Code, width, format ",Code values,Label,Notes,
mixed,admin,1,0,,TumorID,Study ID and Sequence Number,,,,,
study,admin,1,1,1,StudyID,Study ID,,,,,
study,admin,1,2,1,breastsurvey,Breast Cancer Survey Participant,,,Yes,,
,,2,2, ,,,,,No,,
study,admin,1,3,1,medrecordconsent,Medical Record Consent Given,,,Yes,,
,,2,3, ,,,,,No,,
registry,demographic,1,4,1,0240 Date of birth,Date of birth,date_ymd,,SPECIFY DATE FORMAT,,
registry,demographic,1,5,1,0160 Race 1,Race,,01,White,Code 09 was retired effective with Version 12.,
,,2,5, ,,,,02,Black,,
,,3,5, ,,,,03,"American Indian, Aleutian, or Eskimo (includes all indigenous populations of the Western hemisphere)",,
,,4,5, ,,,,04,Chinese,,
,,5,5, ,,,,05,Japanese,,
,,6,5, ,,,,06,Filipino,,
,,7,5, ,,,,07,Hawaiian,,
,,8,5, ,,,,08,Korean,,
,,9,5, ,,,,10,Vietnamese,,
,,10,5, ,,,,11,Laotian,,
,,11,5, ,,,,12,Hmong,,
,,12,5, ,,,,13,Kampuchean (Cambodian),,
,,13,5, ,,,,14,Thai,,
,,14,5, ,,,,15,"Asian Indian or Pakistani, NOS (code 09 prior to Version 12)",,
,,15,5, ,,,,16,Asian Indian,,
,,16,5, ,,,,17,Pakistani,,
,,17,5, ,,,,20,"Micronesian, NOS",,
,,18,5, ,,,,21,Chamorro/Chamoru,,
,,19,5, ,,,,22,"Guamanian, NOS",,
,,20,5, ,,,,25,"Polynesian, NOS",,
,,21,5, ,,,,26,Tahitian,,
,,22,5, ,,,,27,Samoan,,
,,23,5, ,,,,28,Tongan,,
,,24,5, ,,,,30,"Melanesian, NOS",,
,,25,5, ,,,,31,Fiji Islander,,
,,26,5, ,,,,32,New Guinean,,
,,27,5, ,,,,96,"Other Asian, including Asian, NOS and Oriental, NOS",,
,,28,5, ,,,,97,"Pacific Islander, NOS",,
,,29,5, ,,,,98,Other,,
,,30,5, ,,,,99,Unknown,,
registry,demographic,1,6,1,0161 Race 2,Race,,01,White,Code 09 was retired effective with Version 12.,
,,2,6, ,,,,02,Black,,
,,3,6, ,,,,03,"American Indian, Aleutian, or Eskimo (includes all indigenous populations of the Western hemisphere)",,
,,4,6, ,,,,04,Chinese,,
,,5,6, ,,,,05,Japanese,,
,,6,6, ,,,,06,Filipino,,
,,7,6, ,,,,07,Hawaiian,,
,,8,6, ,,,,08,Korean,,
,,9,6, ,,,,10,Vietnamese,,
,,10,6, ,,,,11,Laotian,,
,,11,6, ,,,,12,Hmong,,
,,12,6, ,,,,13,Kampuchean (Cambodian),,
,,13,6, ,,,,14,Thai,,
,,14,6, ,,,,15,"Asian Indian or Pakistani, NOS (code 09 prior to Version 12)",,
,,15,6, ,,,,16,Asian Indian,,
,,16,6, ,,,,17,Pakistani,,
,,17,6, ,,,,20,"Micronesian, NOS",,
,,18,6, ,,,,21,Chamorro/Chamoru,,
,,19,6, ,,,,22,"Guamanian, NOS",,
,,20,6, ,,,,25,"Polynesian, NOS",,
,,21,6, ,,,,26,Tahitian,,
,,22,6, ,,,,27,Samoan,,
,,23,6, ,,,,28,Tongan,,
,,24,6, ,,,,30,"Melanesian, NOS",,
,,25,6, ,,,,31,Fiji Islander,,
,,26,6, ,,,,32,New Guinean,,
,,26.5,6,,,,,88,No further race documented,,
,,27,6, ,,,,96,"Other Asian, including Asian, NOS and Oriental, NOS",,
,,28,6, ,,,,97,"Pacific Islander, NOS",,
,,29,6, ,,,,98,Other,,
,,30,6, ,,,,99,Unknown,,
registry,demographic,1,7,1,0162 Race 3,Race,,01,White,Code 09 was retired effective with Version 12.,
,,2,7, ,,,,02,Black,,
,,3,7, ,,,,03,"American Indian, Aleutian, or Eskimo (includes all indigenous populations of the Western hemisphere)",,
,,4,7, ,,,,04,Chinese,,
,,5,7, ,,,,05,Japanese,,
,,6,7, ,,,,06,Filipino,,
,,7,7, ,,,,07,Hawaiian,,
,,8,7, ,,,,08,Korean,,
,,9,7, ,,,,10,Vietnamese,,
,,10,7, ,,,,11,Laotian,,
,,11,7, ,,,,12,Hmong,,
,,12,7, ,,,,13,Kampuchean (Cambodian),,
,,13,7, ,,,,14,Thai,,
,,14,7, ,,,,15,"Asian Indian or Pakistani, NOS (code 09 prior to Version 12)",,
,,15,7, ,,,,16,Asian Indian,,
,,16,7, ,,,,17,Pakistani,,
,,17,7, ,,,,20,"Micronesian, NOS",,
,,18,7, ,,,,21,Chamorro/Chamoru,,
,,19,7, ,,,,22,"Guamanian, NOS",,
,,20,7, ,,,,25,"Polynesian, NOS",,
,,21,7, ,,,,26,Tahitian,,
,,22,7, ,,,,27,Samoan,,
,,23,7, ,,,,28,Tongan,,
,,24,7, ,,,,30,"Melanesian, NOS",,
,,25,7, ,,,,31,Fiji Islander,,
,,26,7, ,,,,32,New Guinean,,
,,26.5,7,,,,,88,No further race documented,,
,,27,7, ,,,,96,"Other Asian, including Asian, NOS and Oriental, NOS",,
,,28,7, ,,,,97,"Pacific Islander, NOS",,
,,29,7, ,,,,98,Other,,
,,30,7, ,,,,99,Unknown,,
registry,demographic,1,8,1,0163 Race 4,Race,,01,White,Code 09 was retired effective with Version 12.,
,,2,8, ,,,,02,Black,,
,,3,8, ,,,,03,"American Indian, Aleutian, or Eskimo (includes all indigenous populations of the Western hemisphere)",,
,,4,8, ,,,,04,Chinese,,
,,5,8, ,,,,05,Japanese,,
,,6,8, ,,,,06,Filipino,,
,,7,8, ,,,,07,Hawaiian,,
,,8,8, ,,,,08,Korean,,
,,9,8, ,,,,10,Vietnamese,,
,,10,8, ,,,,11,Laotian,,
,,11,8, ,,,,12,Hmong,,
,,12,8, ,,,,13,Kampuchean (Cambodian),,
,,13,8, ,,,,14,Thai,,
,,14,8, ,,,,15,"Asian Indian or Pakistani, NOS (code 09 prior to Version 12)",,
,,15,8, ,,,,16,Asian Indian,,
,,16,8, ,,,,17,Pakistani,,
,,17,8, ,,,,20,"Micronesian, NOS",,
,,18,8, ,,,,21,Chamorro/Chamoru,,
,,19,8, ,,,,22,"Guamanian, NOS",,
,,20,8, ,,,,25,"Polynesian, NOS",,
,,21,8, ,,,,26,Tahitian,,
,,22,8, ,,,,27,Samoan,,
,,23,8, ,,,,28,Tongan,,
,,24,8, ,,,,30,"Melanesian, NOS",,
,,25,8, ,,,,31,Fiji Islander,,
,,26,8, ,,,,32,New Guinean,,
,,26.5,8,,,,,88,No further race documented,,
,,27,8, ,,,,96,"Other Asian, including Asian, NOS and Oriental, NOS",,
,,28,8, ,,,,97,"Pacific Islander, NOS",,
,,29,8, ,,,,98,Other,,
,,30,8, ,,,,99,Unknown,,
registry,demographic,1,9,1,0164 Race 5,Race,,01,White,Code 09 was retired effective with Version 12.,
,,2,9, ,,,,02,Black,,
,,3,9, ,,,,03,"American Indian, Aleutian, or Eskimo (includes all indigenous populations of the Western hemisphere)",,
,,4,9, ,,,,04,Chinese,,
,,5,9, ,,,,05,Japanese,,
,,6,9, ,,,,06,Filipino,,
,,7,9, ,,,,07,Hawaiian,,
,,8,9, ,,,,08,Korean,,
,,9,9, ,,,,10,Vietnamese,,
,,10,9, ,,,,11,Laotian,,
,,11,9, ,,,,12,Hmong,,
,,12,9, ,,,,13,Kampuchean (Cambodian),,
,,13,9, ,,,,14,Thai,,
,,14,9, ,,,,15,"Asian Indian or Pakistani, NOS (code 09 prior to Version 12)",,
,,15,9, ,,,,16,Asian Indian,,
,,16,9, ,,,,17,Pakistani,,
,,17,9, ,,,,20,"Micronesian, NOS",,
,,18,9, ,,,,21,Chamorro/Chamoru,,
,,19,9, ,,,,22,"Guamanian, NOS",,
,,20,9, ,,,,25,"Polynesian, NOS",,
,,21,9, ,,,,26,Tahitian,,
,,22,9, ,,,,27,Samoan,,
,,23,9, ,,,,28,Tongan,,
,,24,9, ,,,,30,"Melanesian, NOS",,
,,25,9, ,,,,31,Fiji Islander,,
,,26,9, ,,,,32,New Guinean,,
,,26.5,9,,,,,88,No further race documented,,
,,27,9, ,,,,96,"Other Asian, including Asian, NOS and Oriental, NOS",,
,,28,9, ,,,,97,"Pacific Islander, NOS",,
,,29,9, ,,,,98,Other,,
,,30,9, ,,,,99,Unknown,,
registry,demographic,1,10,1,0190 SPANISH / HISPANIC ORIGIN,Hispanic/Hispanic Origin,,0,Non-Spanish; non-Hispanic,,
,,2,10, ,,,,1,Mexican (includes Chicano),,
,,3,10, ,,,,2,Puerto Rican,,
,,4,10, ,,,,3,Cuban,,
,,5,10, ,,,,4,South or Central American (except Brazil),,
,,6,10, ,,,,5,Other specified Spanish/Hispanic origin (includes European; excludes Dominican Republic),,
,,7,10, ,,,,6,"Spanish, NOS Hispanic, NOS Latino, NOS There is evidence, other than surname or maiden name, that the person is Hispanic, but he/she cannot be assigned to any of the other categories 1-5.",,
,,8,10, ,,,,7,"Spanish surname only (Code 7 is ordinarily for central registry use only, hospital registrars may use code 7 if using a list of Hispanic surnames provided by their central registry; otherwise, code 9 'unknown whether Spanish or not' should be used.) The only evidence of the person's Hispanic origin is the surname or maiden name and there is no contrary evidence that the person is not Hispanic.",,
,,9,10, ,,,,8,Dominican Republic,,
,,10,10, ,,,,9,Unknown whether Spanish or not,,
registry,demographic,1,11,1,0220 Sex,Sex,,1,Male,,
,,2,11, ,,,,2,Female,,
,,3,11, ,,,,3,Other (hermaphrodite),,
,,4,11, ,,,,4,"Transsexual, NOS",,
,,5,11, ,,,,5,"Transsexual, natal male",,
,,6,11, ,,,,6,"Transsexual, natal female",,
,,7,11, ,,,,9,Not stated/Unknown,,
registry,demographic,1,12,1,0150 Marital Status at DX,Marital Status at diagnosis,,1,Single (never married),,
,,2,12, ,,,,2,Married (including common law),,
,,3,12, ,,,,3,Separated,,
,,4,12, ,,,,4,Divorced,,
,,5,12, ,,,,5,Widowed,,
,,6,12, ,,,,6,"Unmarried or Domestic Partner (same sex or opposite sex, registered or unregistered, other than common law marriage)",,
,,7,12, ,,,,9,Unknown,,
registry,clinical,1,13,1,SEER Site Summary,,,,,,
registry,clinical,1,14,1,0400 Primary Site,Primary site,,,,ICD-O-2 or ICD-O-3,This will not necessarily be constant for all tumors since it reflects subsite
registry,clinical,1,15,1,0380 Sequence Number-Central,Sequence number - central,,00,One primary in the patient's lifetime,see note in other tab. Item indicates the sequence of all malignant and non-malignant neoplasms over the lifetime of the patient. The code may differ from the Sequence Number--Central [380] because the definitions of reportable neoplasms often vary between a hospital and a central registry. The two items also handle some types of tumors differently. ,
,,2,15, ,,,,01,First of two or more primaries,,
,,3,15, ,,,,02,Second of two or more primaries,,
,,4,15, ,,,,....,,,
,,5,15, ,,,,....,,,
,,6,15, ,,,,59,Fifty-ninth or higher of fifty-nine or more primaries,,
,,7,15, ,,,,99,"Unspecified or unknown sequence number of Federally required in situ or malignant tumors. Sequence number 99 can be used if there is a malignant tumor and its sequence number is unknown. If there is known to be more than one malignant tumor, then the tumors must be sequenced.)",,
,,8,15, ,,,,....,,,
,,9,15, ,,,,60,One non-malignant tumor or central registry-defined neoplasm,,
,,10,15, ,,,,61,First of two or more non-malignant tumor or central registry-defined neoplasms,,
,,11,15, ,,,,62,Second of two or more non-malignant tumor or central registry-defined neoplasms,,
,,12,15, ,,,,....,,,
,,13,15, ,,,,88,"Unspecified or unknown sequence number for non-malignant tumor or central registry-defined neoplasms. (Sequence number 88 can be used if there is a non-malignant tumor and its sequence number is unknown. If there is known to be more than one non-malignant tumor, then the tumors must be sequenced.)",,
,,14,15, ,,,,98,"Cervix carcinoma in situ (CIS)/CIN III, Diagnosis Years 1996-2002.",,
registry,clinical,1,16,1,0560 Sequence Number-Hospital,Sequence number - hospital,,00,One primary in the patient's lifetime,,
,,2,16, ,,,,01,First of two or more primaries,,
,,3,16, ,,,,02,Second of two or more primaries,,
,,4,16, ,,,,....,,,
,,5,16, ,,,,....,,,
,,6,16, ,,,,59,Fifty-ninth or higher of fifty-nine or more primaries,,
,,7,16, ,,,,99,"Unspecified or unknown sequence number of Federally required in situ or malignant tumors. Sequence number 99 can be used if there is a malignant tumor and its sequence number is unknown. If there is known to be more than one malignant tumor, then the tumors must be sequenced.)",,
,,8,16, ,,,,....,,,
,,9,16, ,,,,60,One non-malignant tumor or central registry-defined neoplasm,,
,,10,16, ,,,,61,First of two or more non-malignant tumor or central registry-defined neoplasms,,
,,11,16, ,,,,62,Second of two or more non-malignant tumor or central registry-defined neoplasms,,
,,12,16, ,,,,....,,,
,,13,16, ,,,,88,"Unspecified or unknown sequence number for non-malignant tumor or central registry-defined neoplasms. (Sequence number 88 can be used if there is a non-malignant tumor and its sequence number is unknown. If there is known to be more than one non-malignant tumor, then the tumors must be sequenced.)",,
,,14,16, ,,,,98,"Cervix carcinoma in situ (CIS)/CIN III, Diagnosis Years 1996-2002.",,
registry,registry,1,17,1,0610 Class of Case,Class of case,,INITIAL DIAGNOSIS AT REPORTING FACILITY,,,
,,2,17, ,,,,00,Initial diagnosis at the reporting facility AND all treatment or a decision not to treat was done ELSEWHERE,,
,,3,17, ,,,,10,"Initial diagnosis at the reporting facility or in a staff physician's office AND PART OR ALL of first course treatment or a decision not to treat was at the reporting facility, NOS",,
,,4,17, ,,,,11,Initial diagnosis in staff physician's office AND PART of first course treatment was done at the reporting facility,,
,,5,17, ,,,,12,Initial diagnosis in staff physician's office AND ALL first course treatment or a decision not to treat was done at the reporting facility,,
,,6,17, ,,,,13,Initial diagnosis at the reporting facility AND PART of first course treatment was done at the reporting facility,,
,,7,17, ,,,,14,Initial diagnosis at the reporting facility AND ALL first course treatment or a decision not to treat was done at the reporting facility,,
,,8,17, ,,,,"INITIAL DIAGNOSIS ELSEWHERE, FACILITY INVOLVED IN FIRST COURSE TREATMENT",,,
,,9,17, ,,,,20,"Initial diagnosis elsewhere AND PART OR ALL of first course treatment was done at the reporting facility, NOS",,
,,10,17, ,,,,21,Initial diagnosis elsewhere AND PART of treatment was done at the reporting facility,,
,,11,17, ,,,,22,Initial diagnosis elsewhere AND ALL first course treatment was done at the reporting facility,,
,,12,17, ,,,,"Classes of Case not required by CoC to be abstracted (May be required by Cancer Committee, state or regional registry, or other entity)",,,
,,13,17, ,,,,PATIENT APPEARS IN PERSON AT REPORTING FACILITY; BOTH INITIAL DIAGNOSIS AND TREATMENT ELSEWHERE,,,
,,14,17, ,,,,30,"Initial diagnosis and all first course treatment elsewhere AND reporting facility participated in DIAGNOSTIC WORKUP (for example, consult only, staging workup after initial diagnosis elsewhere)",,
,,15,17, ,,,,31,Initial diagnosis and all first course treatment elsewhere AND reporting facility provided IN-TRANSIT care,,
,,16,17, ,,,,32,Diagnosis AND all first course treatment provided elsewhere AND patient presents at reporting facility with disease RECURRENCE OR PERSISTENCE,,
,,17,17, ,,,,33,Diagnosis AND all first course treatment provided elsewhere AND patient presents at reporting facility with disease HISTORY ONLY,,
,,18,17, ,,,,34,"Type of case not required by CoC to be accessioned (for example, a benign colon tumor) AND initial diagnosis AND part or all of first course treatment by reporting facility",,
,,19,17, ,,,,35,Case diagnosed before program's Reference Date AND initial diagnosis AND PART OR ALL of first course treatment by reporting facility,,
,,20,17, ,,,,36,"Type of case not required by CoC to be accessioned (for example, a benign colon tumor) AND initial diagnosis elsewhere AND part of all of first course treatment by reporting facility",,
,,21,17, ,,,,37,Case diagnosed before program's Reference Date AND initial diagnosis elsewhere AND all or part of first course treatment by reporting facility,,
,,22,17, ,,,,38,"Initial diagnosis established by AUTOPSY at the reporting facility, cancer not suspected prior to death",,
,,23,17, ,,,,PATIENT DOES NOT APPEAR IN PERSON AT REPORTING FACILITY,,,
,,24,17, ,,,,40,Diagnosis AND all first course treatment given at the same staff physician's office,,
,,25,17, ,,,,41,Diagnosis and all first course treatment given in two or more different staff physician offices,,
,,26,17, ,,,,42,"Non-staff physician or non-CoC accredited clinic or other facility, not part of reporting facility, accessioned by reporting facility for diagnosis and/or treatment by that entity (for example, hospital abstracts cases from an independent radiation facility)",,
,,27,17, ,,,,43,PATHOLOGY or other lab specimens ONLY,,
,,28,17, ,,,,49,DEATH CERTIFICATE ONLY,,
,,29,17, ,,,,UNKNOWN RELATIONSHIP TO REPORTING FACILITY,,,
,,30,17, ,,,,99,Nonanalytic case of unknown relationship to facility (not for use by CoC accredited cancer programs for analytic cases.); UNKNOWN,,
registry,clinical,1,18,1,0390 Date of diagnosis,Date of diagnosis,date_ymd,,SPECIFY DATE FORMAT,,
registry,clinical,1,19,1,0230 Age at Diagnosis,Age at diagnosis,integer,000,Less than 1 year old; diagnosed in utero,,
,,2,19, ,,,,001,"1 year old, but less than 2 years",,
,,3,19, ,,,,002,2 years old,,
,,4,19, ,,,,,...,,
,,5,19, ,,,,101,101 years old,,
,,6,19, ,,,,,...,,
,,7,19, ,,,,120,120 years old,,
,,8,19, ,,,,999,Unknown age,,
registry,test,1,20,1,0490 Diagnostic Confirmation,Method of diagnostic confirmation,,1,Positive histology,,
,,2,20, ,,,,2,Positive cytology,,
,,3,20, ,,,,3,Positive histology PLUS - positive immunophenotyping AND/OR positive genetic studies (Used only for hematopoietic and lymphoid neoplasms M-9590/3-9992/3),,
,,4,20, ,,,,4,"Positive microscopic confirmation, method not specified",,
,,5,20, ,,,,5,Positive laboratory test/marker study,,
,,6,20, ,,,,6,Direct visualization without microscopic confirmation,,
,,7,20, ,,,,7,Radiography and/or other imaging techniques without microscopic confirmation,,
,,8,20, ,,,,8,"Clinical diagnosis only (other than 5, 6, or 7)",,
,,9,20, ,,,,9,Unknown whether or not microscopically confirmed; death certificate only,,
registry,clinical,1,21,1,2940 Derived AJCC-6 T,AJCC 6th ed tumor stage,,99,TX ,,
,,2,21, ,,,,00,T0 ,,
,,3,21, ,,,,05,Tis ,,
,,4,21, ,,,,10,T1 ,,
,,5,21, ,,,,11,T1mic ,,
,,6,21, ,,,,12,T1a ,,
,,7,21, ,,,,15,T1b ,,
,,8,21, ,,,,18,T1c ,,
,,9,21, ,,,,20,T2 ,,
,,10,21, ,,,,21,T2a ,,
,,11,21, ,,,,22,T2b ,,
,,12,21, ,,,,30,T3 ,,
,,13,21, ,,,,31,T3a ,,
,,14,21, ,,,,32,T3b ,,
,,15,21, ,,,,40,T4 ,,
,,16,21, ,,,,49,T4 NOS ,,
,,17,21, ,,,,41,T4a ,,
,,18,21, ,,,,42,T4b ,,
,,19,21, ,,,,43,T4c ,,
,,20,21, ,,,,44,T4d ,,
,,21,21, ,,,,88,Not applicable ,,
registry,clinical,1,22,1,2960 Derived AJCC-6 N,AJCC 6th ed node stage,,99,NX ,,
,,2,22, ,,,,00,N0 ,,
,,,22,,,,,01,N0 1,,
,,,22,,,,,02,N0 2,,
,,,22,,,,,03,N0 3,,
,,,22,,,,,04,N0 4,,
,,3,22, ,,,,10,N1 ,,
,,,22,,,,,11,N1 1,,
,,,22,,,,,12,N1 2,,
,,,22,,,,,13,N1 3,,
,,,22,,,,,18,N1 8,,
,,,22,,,,,19,N1 9,,
,,4,22, ,,,,20,N2 ,,
,,5,22, ,,,,21,N2a ,,
,,6,22, ,,,,22,N2b ,,
,,,22,,,,,23,N2 3,,
,,,22,,,,,29,N2 9,,
,,7,22, ,,,,30,N3 ,,
,,8,22, ,,,,31,N3a ,,
,,9,22, ,,,,32,N3b ,,
,,,22,,,,,39,N3 9,,
,,10,22, ,,,,33,N3c ,,
,,11,22, ,,,,88,Not applicable ,,
registry,clinical,1,23,1,2980 Derived AJCC-6 M,AJCC 6th ed distance metastasis stage,,99,MX,"TODO: labels for 11, 12, 13, 19, 88",
,,2,23, ,,,,00,M0,,
,,3,23, ,,,,10,M1,,
,,4,23,,,,,11,11,,
,,5,23,,,,,12,12,,
,,6,23,,,,,13,13,,
,,7,23,,,,,19,19,,
,,8,23,,,,,88,88,,
registry,clinical,1,24,1,3000 Derived AJCC-6 Stage Grp,AJCC 6th ed group stage,integer,00,Stage 0 ,TODO: all 50 codes,
,,2,24, ,,,,10,Stage I ,,
,,3,24, ,,,,32,Stage IIA ,,
,,4,24, ,,,,33,Stage IIB ,,
,,5,24, ,,,,52,Stage IIIA ,,
,,6,24, ,,,,53,Stage IIIB ,,
,,7,24, ,,,,54,Stage IIIC ,,
,,8,24, ,,,,70,Stage IV ,,
,,9,24, ,,,,88,Not applicable ,,
,,10,24, ,,,,99,Stage Unknown ,,
registry,clinical,1,25,1,3020 Derived SS2000,Derived SS 2000 stage,,0,In Situ ,,
,,2,25, ,,,,1,Localized ,,
,,3,25, ,,,,2,"Regional, direct extension ",,
,,4,25, ,,,,3,"Regional, lymph nodes only ",,
,,5,25, ,,,,4,"Regional, extension and nodes ",,
,,6,25, ,,,,5,"Regional, NOS ",,
,,7,25, ,,,,7,Distant ,,
,,8,25, ,,,,8,Not applicable ,,
,,9,25, ,,,,9,Unknown/Unstaged ,,
registry,clinical,1,26,1,3400 Derived AJCC-7 T,AJCC 7th ed tumor stage,,999,TX ,,
,,2,26, ,,,,000,T0 ,,
,,3,26, ,,,,050,Tis ,,
,,4,26, ,,,,100,T1 ,,
,,5,26, ,,,,110,T1mic ,,
,,6,26, ,,,,120,T1a ,,
,,7,26, ,,,,150,T1b ,,
,,8,26, ,,,,180,T1c ,,
,,9,26, ,,,,200,T2 ,,
,,10,26, ,,,,300,T3 ,,
,,11,26, ,,,,400,T4 ,,
,,12,26, ,,,,410,T4a ,,
,,13,26, ,,,,420,T4b ,,
,,14,26, ,,,,430,T4c ,,
,,15,26, ,,,,440,T4d ,,
,,16,26, ,,,,888,Not applicable ,,
registry,clinical,1,27,1,3410 Derived AJCC-7 N,AJCC 7th ed node stage,integer,000,N0 ,"TODO: add N0, N1, … NX codes",
,,2,27, ,,,,100,N1 ,,
,,3,27, ,,,,200,N2 ,,
,,4,27, ,,,,210,N2a ,,
,,5,27, ,,,,220,N2b ,,
,,6,27, ,,,,300,N3 ,,
,,7,27, ,,,,310,N3a ,,
,,8,27, ,,,,320,N3b ,,
,,9,27, ,,,,330,N3c ,,
,,10,27, ,,,,888,Not applicable ,,
,,11,27, ,,,,999,NX ,,
registry,clinical,1,28,1,3420 Derived AJCC-7 M,AJCC 7th ed distance metastasis stage,,999,MX ,,
,,2,28, ,,,,000,M0 ,,
,,3,28, ,,,,010,M0(i+) ,,
,,4,28, ,,,,100,M1 ,,
,,5,28, ,,,,888,Not applicable ,,
registry,clinical,1,29,1,3430 Derived AJCC-7 Stage Grp,AJCC 7th ed group stage,integer,000,Stage 0 ,"This is the AJCC “Stage Group” component that is derived from CS detailed site-specific codes, using the CS algorithm, effective for 2010+ diagnosis. For list of codes see http://www.ccrcal.org/PAQC_Pubs/V3_2010_Forward/Data_Items/Derived_AJCC-7_Stage_Grp.htm TODO: all 53 codes",
,,2,29, ,,,,120,Stage IA ,,
,,3,29, ,,,,150,Stage IB ,,
,,4,29, ,,,,320,Stage IIA ,,
,,5,29, ,,,,330,Stage IIB ,,
,,6,29, ,,,,520,Stage IIIA ,,
,,7,29, ,,,,530,Stage IIIB ,,
,,8,29, ,,,,540,Stage IIIC ,,
,,9,29, ,,,,700,Stage IV ,,
,,10,29, ,,,,888,Not applicable ,,
,,11,29, ,,,,999,Stage Unknown ,,
registry,clinical,1,30,1,2800 CS Tumor Size,Collaborative stage - tumor size,,,,http://web2.facs.org/cstage0205/breast/Breastschema.html,
registry,clinical,1,31,1,2830 CS Lymph Nodes,Collaborative stage - number of positive lymph nodes,integer,0,,http://web2.facs.org/cstage0205/breast/Breastschema.html,
,,2,31,,,,,999,,,
registry,clinical,1,32,1,2840 CS Lymph Nodes Eval,Collaborative stage - number of lymph nodes evaluated,integer,0,,http://web2.facs.org/cstage0205/breast/Breastschema.html,
,,2,32,,,,,999,,,
registry,clinical,1,33,1,440 Grade,Grade,,1,Grade I,"Should only take values 1-4, 9",
,,2,33, ,,,,2,Grade II,,
,,3,33, ,,,,3,Grade III,,
,,4,33, ,,,,4,Grade IV,,
,,5,33, ,,,,5,T-cell,,
,,6,33, ,,,,6,B-cell,,
,,7,33, ,,,,7,Null cell,,
,,8,33, ,,,,8,NK (natural killer) cell,,
,,9,33, ,,,,9,"Grade/differentiation unknown, not stated, or not applicable",,
registry,clinical,1,34,1,2850 CS Mets at DX,Collaborative stage - metastasis at diagnosis,,,,http://web2.facs.org/cstage0205/breast/Breastschema.html,
registry,clinical,1,35,1,2860 CS Mets Eval,Collaborative stage - metastasis evaluated,,,,http://web2.facs.org/cstage0205/breast/Breastschema.html,
registry,clinical,1,36,1,521 Morph--Type&Behav ICD-0-3,Morphology (Histology and Behavior),,,,ICD-O-3 (years?),
registry,clinical,1,37,1,410 Laterality,Laterality,,0,Not a paired site,,
,,2,37, ,,,,1,Right: origin of primary,,
,,3,37, ,,,,2,Left: origin of primary,,
,,4,37, ,,,,3,"Only one side involved, right or left origin unspecified",,
,,5,37, ,,,,4,"Bilateral involvement at time of diagnosis, lateral origin unknown for a single primary; or both ovaries involved simultaneously, single histology; bilateral retinoblastomas; bilateral Wilms' tumors",,
,,6,37, ,,,,5,Paired site: midline tumor,,
,,7,37, ,,,,9,"Paired site, but no information concerning laterality",,
registry,clinical,1,38,1,2880 CS Site-Specific Factor 1,ER status,integer,000,,"http://web2.facs.org/cstage0205/breast/Breastschema.html - but codes are site specific and we may have other sites, so let's allow any",
,,2,38,,,,,999,,,
registry,clinical,1,39,1,2890 CS Site-Specific Factor 2,PR status,integer,000,,http://web2.facs.org/cstage0205/breast/Breastschema.html,
,,2,39,,,,,999,,,
registry,clinical,1,40,1,2869 CS Site-Specific Factor 15,HER2 status,integer,010,Positive/elevated; amplified,http://web2.facs.org/cstage0205/breast/Breastschema.html,
,,2,40, ,,,,020,Negative/normal; within normal limits; not amplified,,
,,3,40, ,,,,030,Borderline; equivocal; indeterminate; undetermined whether positive or negative,,
,,4,40, ,,,,988,Not applicable: Information not collected for this case,,
,,5,40, ,,,,997,"Test(s) ordered, results not in chart",,
,,6,40, ,,,,998,Test(s) not done (test(s) not ordered and not performed),,
,,7,40, ,,,,999,Unknown or no information. Not documented in patient record,,
,,8,40, ,,,,999,,,
registry,clinical,1,41,1,2876 CS Site Specific Factor 22,Multigene signature method,integer,000,,http://web2.facs.org/cstage0205/breast/Breastschema.html,
,,,41,,,,,999,,,
registry,clinical,1,42,1,2877 CS Site Specific Factor 23,Multigene signature results,integer,000,,http://web2.facs.org/cstage0205/breast/Breastschema.html,
,,2,42,,,,,999,,,
registry,clinical,1,43,1,1760 Vital Status,Vital status,,0,Dead (CoC),,
,,2,43, ,,,,1,Alive,,
,,3,43, ,,,,4,Dead (SEER),,
registry,registry,1,44,1,1750 date of last contact,Date of last contact,date_ymd,,SPECIFY DATE FORMAT,,
registry,clinical,1,45,1,820 Regional Nodes Positive,Records the exact number of regional nodes examined by the pathologist and found to contain metastases.,integer,00,All nodes examined are negative ,,
,,2,45, ,,,,01 to 89,Exact number of nodes positive ,,
,,3,45, ,,,,90,90 or more nodes are positive ,,
,,4,45, ,,,,95,Positive aspiration of lymph node(s) was performed ,,
,,5,45, ,,,,97,"Positive nodes are documented, but number is unspecified ",,
,,6,45, ,,,,98,No nodes were examined ,,
,,7,45, ,,,,99,Unknown whether nodes are positive; not applicable; not stated in patient record ,,
registry,clinical,1,46,1,830 Regional Nodes Examined,Records the total number of regional lymph nodes that were removed and examined by the pathologist.,integer,00,No nodes were examined,,
,,2,46, ,,,,01 to 89,1-89 nodes were examined (code the exact number of regional lymph nodes examined),,
,,3,46, ,,,,90,90 or more nodes were examined,,
,,4,46, ,,,,95,"No regional nodes were removed, but aspiration of regional nodes was performed",,
,,5,46, ,,,,96,"Regional lymph node removal was documented as a sampling, and the number of nodes is unknown/not stated",,
,,6,46, ,,,,97,"Regional lymph node removal was documented as a dissection, and the number of nodes is unknown/not stated",,
,,7,46, ,,,,98,"Regional lymph nodes were surgically removed, but the number of lymph nodes is unknown/not stated and not documented as a sampling or dissection; nodes were examined, but the number is unknown",,
,,8,46, ,,,,99,It is unknown whether nodes were examined; not applicable or negative; not stated in patient record,,
registry,clinical,1,47,1,1770 cancer status,Records the presence or absence of clinical evidence of the patient's malignant or non-malignant tumor as of the Date of Last Contact,,1,No evidence of this tumor,,
,,2,47, ,,,,2,Evidence of this tumor,,
,,3,47, ,,,,9,"Unknown, indeterminate whether this tumor is present, not stated in patient record",,
registry,registry,1,48,1,1750 date of last contact,,date_ymd,,SPECIFY DATE FORMAT,DUPLICATE,
registry,clinical,1,49,1,1860 Recurrence date,,date_ymd,,SPECIFY DATE FORMAT,,
registry,registry,1,50,1,1861 Recurrence date - 1st flag,"This flag explains why no appropriate value is in the field, Recurrence Date--1st [1860].",,10,"No information whatsoever can be inferred from this exceptional value (e.g, unknown if the patient had a first recurrence)",,
,,2,50, ,,,,11,"No proper value is applicable in this context (e.g., patient became disease-free after treatment; never had a recurrence; or patient was never disease-free; autopsy only case)",,
,,3,50, ,,,,12,"A proper value is appicable but not known (i.e., there was a recurrence, but the date is unknown)",,
,,4,50, ,,,,Blank,"A valid date value is provided in item Recurrence Date--1st [1860], or the date was not expected to have been transmitted",,
registry,treatment,1,51,1,670 RX HOSP--SURG PRIM SITE,Describes surgical procedures used to treat the primary site of the reportable tumor. ,,,,http://seer.cancer.gov/archive/manuals/2011/Surgery_Codes_Breast_09272011.pdf,
EMR,demographic,1,52,1,Language,,,,,,
registry,clinical,1,53,1,Deceased per SSA,,,y,Deceased,,
,,2,53,,,,,n,Alive,,
,,3,53,,,,,NI,Unknown,,
registry,treatment,1,54,1,668 RX HOSP--SURG APP 2010,"This item is used to describe the method of surgical approach used for patients undergoing surgery of the primary site at the reporting facility. If the patient has multiple surgeries to the primary site, this item describes the approach used for the most invasive, definitive surgery",,0,No surgical procedure of primary site at this facility. Diagnosed at autopsy.,,
,,2,54, ,,,,1,Robotic assisted.,,
,,3,54, ,,,,2,Robotic converted to open.,,
,,4,54, ,,,,3,Endoscopic or laparoscopic.,,
,,5,54, ,,,,4,Endoscopic or laparoscopic converted to open.,,
,,6,54, ,,,,5,Open. Approach not specified.,,
,,7,54, ,,,,9,Unknown whether surgery was performed; Patient record does not state whether a surgical procedure of the primary site was performed and no information is available. Death certificate only.,,
registry,treatment,1,55,1,670 RX HOSP--SURG PRIM SITE,Describes surgical procedures used to treat the primary site of the reportable tumor. This item records that portion of the first course of treatment given at the reporting facility.,integer,00,None. No surgical procedure of primary site. Diagnosed at autopsy.,,
,,2,55, ,,,,10-19,Site-specific codes. Tumor destruction; no pathologic specimen produced.,,
,,3,55, ,,,,20-80,Site-specific codes. Resection. Path specimen produced.,,
,,4,55, ,,,,90,"Surgery, NOS; surgical treatment of the primary site was done, but no information on the type of procedure is provided.",,
,,5,55, ,,,,98,Site specific codes; special.,,
,,6,55, ,,,,99,"Unknown. Patient record does not state whether surgical treatment of the primary site was performed, and no information is available. Death certificate-only.",,
registry,treatment,1,56,1,672 RX HOSP--SCOPE REG LN SUR,"Describes the removal, biopsy, or aspiration of regional lymph node(s) performed at the reporting facility for diagnosis and/or staging or as a part of the first course of therapy.",,0,No regional lymph nodes removed. No lymph nodes found in the pathologic specimen. Diagnosed at autopsy.,,
,,2,56, ,,,,1,"Biopsy or aspiration of regional lymph node, NOS.",,
,,3,56, ,,,,2,Sentinel lymph node biopsy.,,
,,4,56, ,,,,3,"Regional lymph node(s) removed and the number of nodes removed is unknown or not stated; the procedure is not specified as sentinel node biopsy. Regional lymph nodes removed, NOS.",,
,,5,56, ,,,,4,1 to 3 regional lymph nodes removed.,,
,,6,56, ,,,,5,4 or more regional lymph nodes removed.,,
,,7,56, ,,,,6,"Sentinel node biopsy and code 3, 4, or 5 at same time or timing not stated.",,
,,8,56, ,,,,7,"Sentinel node biopsy and code 3, 4, or 5 at different times.",,
,,9,56, ,,,,9,"Unknown or not applicable. It is unknown whether regional lymph node surgery was performed. Death certificate only case; unknown or ill-defined primary site; hematopoietic, reticuloendothelial, ummunoproliferative or myeloproliferative disease.",,
registry,treatment,1,57,1,674 RX HOSP--SURG OTH REG/DIS,Records the surgical removal of distant lymph nodes or other tissue(s)/organ(s) beyond the primary site performed at this facility as a part of first course of treatment,,0,None; no non-primary site resection was performed. Diagnosed at autopsy.,,
,,2,57, ,,,,1,"Non-primary surgical procedure performed, unknown if whether site is regional or distant.",,
,,3,57, ,,,,2,Non-primary surgical procedure to other regional sites,,
,,4,57, ,,,,3,Non-primary surgical procedure to distant lymph node(s).,,
,,5,57, ,,,,4,Non-primary surgical procedure to distant site.,,
,,6,57, ,,,,5,"Any combination of codes 2, 3, or 4.",,
,,7,57, ,,,,9,Unknown; it is unknown whether any surgical procedure of a non-primary site was performed. Death certificate only.,,
registry,treatment,1,58,1,676 RX HOSP--REG LN REMOVED,Describes number of regional lymph nodes removed at the reporting facility as part of the first course of treatment,integer,00,No regional lymph nodes removed,,
,,2,58, ,,,,01,One regional lymph node removed,,
,,3,58, ,,,,02,Two regional lymph nodes removed,,
,,4,58, ,,,,..,,,
,,5,58, ,,,,..,,,
,,6,58, ,,,,90,Ninety or more regional lymph nodes removed,,
,,7,58, ,,,,95,"No regional lymph node(s) removed, but aspiration of regional lymph node(s) was performed",,
,,8,58, ,,,,96,Regional lymph node removal documented as a sampling and number of lymph nodes unknown/not stated,,
,,9,58, ,,,,97,Regional lymph node removal documented as a dissection and number of lymph nodes unknown/not stated,,
,,10,58, ,,,,98,"Regional lymph nodes surgically removed, but number of lymph nodes unknown/not stated and not documented as sampling or dissection",,
,,11,58, ,,,,99,Unknown; not stated; death certificate-only,,
registry,treatment,1,59,1,690 RX HOSP--RADIATION,Defines the type of radiation therapy the patient received at the reporting facility as a part of the first course of treatment.,,0,None,,
,,2,59, ,,,,1,Beam radiation,,
,,3,59, ,,,,2,Radioactive implants,,
,,4,59, ,,,,3,Radioisotopes,,
,,5,59, ,,,,4,Combination of 1 with 2 or 3,,
,,6,59, ,,,,5,"Radiation, NOS—method or source not specified",,
,,7,59, ,,,,9,Unknown if radiation therapy administered,,
registry,treatment,1,60,1,700 RX HOSP--CHEMO,Records the type of chemotherapy administered at the reporting facility as a part of first course therapy or the reason chemotherapy was not given.,,00,"None, chemotherapy was not part of the first course of therapy or there was progression of disease prior to administration; Not customary therapy for this cancer. Diagnosed at autopsy.",,
,,2,60, ,,,,01,"Chemotherapy was administered, but type and number of agents is not documented in patient record.",,
,,3,60, ,,,,02,"Chemotherapy, single agent.",,
,,4,60, ,,,,03,"Chemotherapy, multiple agents.",,
,,5,60, ,,,,82,"Chemotherapy was not recommended/administered because it was contraindicated due to patient risk factors (comorbid conditions, advanced age) or there was progression of disease prior to planned administration.",,
,,6,60, ,,,,85,Chemotherapy was not administered because the patient died prior to planned or recommended therapy.,,
,,7,60, ,,,,86,"Chemotherapy was recommended by the patient's physician, but was not administered as part of first-course therapy. No reason was stated in the patient record.",,
,,8,60, ,,,,87,"Chemotherapy was not administered; it was recommended by the patient's physician, but this treatment was refused by the patient, the patient's family member, or the patient's guardian. The refusal was noted in the patient record.",,
,,9,60, ,,,,88,"Chemotherapy was recommended, but it is unknown if it was administered.",,
,,10,60, ,,,,99,It is unknown whether chemotherapy was recommended or administered because it is not stated in patient record. Death certificate-only case,,
registry,treatment,1,61,1,710 RX HOSP--HORMONE,Records whether systemic hormonal agents were administered as first-course treatment at this facility or the reason they were not given. Hormone therapy consists of a group of drugs that may affect the long-term control of a cancer’s growth. It is not usually used as a curative measure.,,00,"None, hormone therapy was not part of the planned first course of therapy. Diagnosed at autopsy.",,
,,2,61, ,,,,01,Hormone therapy was administered as first course therapy.,,
,,3,61, ,,,,82,"Hormone therapy was not recommended/administered because it was contraindicated due to patient risk factors (comorbid conditions, advanced age) or there was progression of disease prior to administration.",,
,,4,61, ,,,,85,Hormone therapy was not administered because the patient died prior to planned or recommended therapy.,,
,,5,61, ,,,,86,"Hormone therapy was not administered. It was recommended by the patient's physician, but was not administered as part of first-course therapy. No reason was stated in the patient record.",,
,,6,61, ,,,,87,"Hormone therapy was not administered. It was recommended by the patient's physician, but was refused by the patient, or the patient's family member or guardian. The refusal was noted in the patient record.",,
,,7,61, ,,,,88,"Hormone therapy was recommended, but it is unknown if it was administered.",,
,,8,61, ,,,,99,It is unknown whether hormone therapy was recommended or administered because it is not stated in the patient record; death certificate-only cases.,,
registry,treatment,1,62,1,720 RX HOSP--BRM,Records whether immunotherapeutic agents (biologic response modifiers) were administered as first-course treatment at this facility or the reason they were not given. Immunotherapy consists of biological or chemical agents that alter the immune system or change the host’s response to tumor cells.,,00,"None, immunotherapy was not part of the planned first course of therapy; not customary therapy for this cancer. Diagnosed at autopsy.",,
,,2,62, ,,,,01,Immunotherapy administered as first course therapy.,,
,,3,62, ,,,,82,"Immunotherapy was not recommended/administered because it was contraindicated due to patient risk factors (comorbid conditions, advanced age, etc.) or there was progression of disease prior to administration.",,
,,4,62, ,,,,85,Immunotherapy was not administered because the patient died prior to planned or recommended therapy.,,
,,5,62, ,,,,86,Immunotherapy was not administered. It was recommended by the patient's physician but was not administered as part of the first-course of therapy. No reason was noted in the patient record.,,
,,6,62, ,,,,87,Immunotherapy was not administered. It was recommended by the patient's physician but was refused by the patient or the patient's family or guardian. The refusal was noted in the patient record.,,
,,7,62, ,,,,88,"Immunotherapy was recommended, but it is unknown if it was administered.",,
,,8,62, ,,,,99,It is unknown if immunotherapy was recommended or administered because it was not stated in the patient record. Death certificate-only case.,,
registry,treatment,1,63,1,730 RX HOSP--OTHER,"Identifies treatment given at this facility that cannot be defined as surgery, radiation, or systemic therapy according to the defined data items in this manual.",,0,None; all cancer treatment was coded in other treatment fields. Patient received no cancer treatment. Diagnosed at autopsy.,,
,,2,63, ,,,,1,Cancer treatment that cannot be assigned to specified treatment data items.,,
,,3,63, ,,,,2,Other-Experimental; this code is not defined. It may be used to record participation in institution-based clinical trials.,,
,,4,63, ,,,,3,Patient is involved in a double-blind clinical trial. Code the treatment actually administered when the double-blind trial code is broken.,,
,,5,63, ,,,,6,Other unproven; Cancer treatments administered by nonmedical personnel.,,
,,6,63, ,,,,7,"Refusal; other treatment was not administered. Treatment listed in code 1, 2 or 3 was recommended by the patient's physician but was refused by the patient or the patient's family or guardian. The refusal was noted in the patient record.",,
,,7,63, ,,,,8,"Recommended, unknown if administered; other treatment was recommended, but it is unknown whether it was administered.",,
,,8,63, ,,,,9,It is unknown whether other treatment was recommended or administered because it is not stated in the patient record. Death certificate only case.,,
registry,treatment,1,64,1,740 RX HOSP--DX/STG PROC,Identifies the surgical procedure(s) performed in an effort to diagnose and/or stage disease at this facility.,,00,No surgical diagnostic or staging procedure was performed.,,
,,2,64, ,,,,01,"A biopsy (incisional, needle, or aspiration) was done to a site other than the primary site. No exploratory procedure was done.",,
,,3,64, ,,,,02,"A biopsy (incisional, needle, or aspiration) was done of the primary site or biopsy of a lymph node was done to diagnose or stage lymphoma.",,
,,4,64, ,,,,03,A surgical exploration only. The patient was not biopsied or treated during the procedure.,,
,,5,64, ,,,,04,"A surgical procedure with a bypass was performed, but no biopsy was done.",,
,,6,64, ,,,,05,"An exploratory procedure was performed, and a biopsy of either the primary site or another site was done.",,
,,7,64, ,,,,06,"A bypass procedure was performed, and a biopsy of either the primary site or another site was done.",,
,,8,64, ,,,,07,"A procedure was done, but the type of procedure is unknown.",,
,,9,64, ,,,,09,No information about whether a diagnostic or staging procedure was performed.,,
registry,treatment,1,65,1,746 RX HOSP--SURG SITE 98-02,Describes surgical procedures used to treat the primary site of the reportable tumor. This item records that portion of the first course of treatment given at the reporting facility.,integer,00,No surgery performed,,
,,2,65, ,,,,xx,site specific codes,,
,,3,65, ,,,,99,Unknown if surgery performed,,
registry,treatment,1,66,1,747 RX HOSP--SCOPE REG 98-02,"Describes the removal, biopsy, or aspiration of regional lymph node(s) at the time of surgery of the primary site or during a separate surgical event at the reporting facility.",,0,0,See the CoC ROADS Manual 1998 Supplement and the SEER Program Code Manual for site-specific codes.,
,,2,66,,,,,1,1,,
,,3,66,,,,,3,3,,
,,4,66,,,,,9,9,,
registry,treatment,1,67,1,748 RX HOSP--SURG OTH 98-02,Records the surgical removal of distant lymph nodes or other tissue(s)/organ(s) beyond the primary site at this facility. This field is to be used for ROADS codes after the ROADS to FORDS conversion.,,0,0,See the CoC ROADS Manual 1998 Supplement and the SEER Program Code Manual for site-specific codes,
,,2,67,,,,,1,1,,
,,3,67,,,,,2,2,,
,,4,67,,,,,3,3,,
,,5,67,,,,,4,4,,
,,6,67,,,,,5,5,,
,,7,67,,,,,6,6,,
,,8,67,,,,,9,9,,
registry,treatment,1,68,1,3280 RX HOSP--PALLIATIVE PROC,"Identifies care provided at the reporting facility in an effort to palliate or alleviate symptoms. Palliative procedures may include surgery, radiation therapy, systemic therapy (chemotherapy, hormone therapy, or other systemic drugs), and/or pain management.",,0,No palliative care provided. Diagnosed at autopsy,,
,,2,68, ,,,,1,"Surgery (which may involve a bypass procedure) performed to alleviate symptoms, but no attempt to diagnose, stage, or treat the tumor is made.",,
,,3,68, ,,,,2,"Radiation therapy given to alleviate symptoms, but no attempt to produce cure is made.",,
,,4,68, ,,,,3,"Chemotherapy, hormone therapy, or other systemic drugs given to alleviate symptoms without curative intent.",,
,,5,68, ,,,,4,Patient received or was referred for pain management only.,,
,,6,68, ,,,,5,"Any combination of codes 1, 2, and/or 3 without code 4.",,
,,7,68, ,,,,6,"Any combination of codes 1, 2, and/or 3 with code 4.",,
,,8,68, ,,,,7,"Palliative care was performed or recommended, but no information on the type of procedure is available in the patient record.",,
,,9,68, ,,,,9,Unknown if palliative care was performed or recommended. Not stated in patient record.,,
registry,treatment,1,69,1,1285 RX SUMM--TREATMENT STATUS,This data item is a summary of the status for all treatment modalities.,,0,No treatment given,,
,,2,69, ,,,,1,Treatment given,,
,,3,69, ,,,,2,Active surveillance (watchful waiting),,
,,4,69, ,,,,9,Unknown if treatment was given,,
registry,treatment,1,70,1,1290 RX Summ--Surg Prim Site,Site-specific codes for the type of surgery to the primary site performed as part of the first course of treatment. This includes treatment given at all facilities as part of the first course of treatment.,integer,00,None,,
,,2,70, ,,,,42296,Site-specific code; tumor destruction,,
,,3,70, ,,,,20-80,Site-specific codes; resection,,
,,4,70, ,,,,90,"Surgery, NOS",,
,,5,70, ,,,,98,Site specific codes; special,,
,,6,70, ,,,,99,Unknown,,
registry,treatment,1,71,1,1292 RX Summ--Scope Reg LN Sur,"Describes the removal, biopsy or aspiration of regional lymph node(s) at the time of surgery of the primary site or during a separate surgical event at all facilities.",,0,None,,
,,2,71, ,,,,1,"Biopsy or aspiration of regional lymph node, NOS",,
,,3,71, ,,,,2,Sentinel lymph node biopsy,,
,,4,71, ,,,,3,"Number of regional lymph nodes removed unknown, not stated; regional lymph nodes removed, NOS",,
,,5,71, ,,,,4,1 to 3 regional lymph nodes removed,,
,,6,71, ,,,,5,4 or more regional lymph nodes removed,,
,,7,71, ,,,,6,"Sentinel node biopsy and code 3, 4, or 5 at same time or timing not noted",,
,,8,71, ,,,,7,"Sentinel node biopsy and code 3, 4, or 5 at different times",,
,,9,71, ,,,,9,Unknown or not applicable,,
registry,treatment,1,72,1,1294 RX Summ--Surg Oth Reg/Dis,Records the surgical removal of distant lymph nodes or other tissue(s)/organ(s) beyond the primary site.,,0,None; diagnosed at autopsy,,
,,2,72, ,,,,1,Non-primary surgical procedure performed,,
,,3,72, ,,,,2,Non-primary surgical procedure to other regional sites,,
,,4,72, ,,,,3,Non-primary surgical procedure to distant lymph node(s),,
,,5,72, ,,,,4,Non-primary surgical procedure to distant site,,
,,6,72, ,,,,5,"Any combination of codes 2, 3, or 4",,
,,7,72, ,,,,9,Unknown; death certificate only,,
registry,treatment,1,73,1,1296 RX Summ--Reg LN Examined,Codes for the number of regional lymph nodes examined in conjunction with surgery performed as part of the first-course treatment.,integer,00,No regional lymph nodes examined,,
,,2,73, ,,,,01,One regional lymph node examined,,
,,3,73, ,,,,02,Two regional lymph nodes examined,,
,,4,73, ,,,,..,,,
,,5,73, ,,,,..,,,
,,6,73, ,,,,90,90 or more regional lymph nodes examined,,
,,7,73, ,,,,..,,,
,,8,73, ,,,,95,"No regional lymph node(s) removed, but aspiration of regional lymph node(s) was performed",,
,,9,73, ,,,,96,"Regional lymph node removal documented as sampling, and number of lymph nodes unknown/not stated",,
,,10,73, ,,,,97,"Regional lymph node removal documented as a dissection, and number of lymph nodes unknown/not stated",,
,,11,73, ,,,,98,"Regional lymph nodes surgically removed, but number of lymph nodes unknown/not stated and not documented as sampling or dissection",,
,,12,73, ,,,,99,Unknown; not stated; death certificate-only,,
registry,treatment,1,74,1,1310 RX Summ--Surgical Approch,Codes for method used to approach the surgical field for the primary site.,integer,0,0,"See the CoC ROADS Manual, 1998 Supplement, for site-specific codes",
,,2,74,,,,,9,9,,
registry,treatment,1,75,1,1320 RX Summ--Surgical Margins,Codes describe the final status of surgical margins after resection of the primary tumor.,,0,No residual tumor,,
,,2,75, ,,,,1,"Residual tumor, NOS",,
,,3,75, ,,,,2,Microscopic residual tumor,,
,,4,75, ,,,,3,Macroscopic residual tumor,,
,,5,75, ,,,,7,Margins not evaluable,,
,,6,75, ,,,,8,No primary site surgery,,
,,7,75, ,,,,9,Unknown or not applicable,,
registry,treatment,1,76,1,1330 RX Summ--Reconstruct 1st,"Codes for surgical procedures done to reconstruct, restore, or improve the shape and appearance or function of body structures that are missing, defective, damaged, or misshapen by cancer or therapies. Reconstructive/restorative procedures are coded here when started during the first course of therapy.",,,,CoC ROADS Manual 1998 Supplement,
registry,treatment,1,77,1,1340 Reason for No Surgery,Records the reason that no surgery was performed on the primary site.,,0,Surgery of the primary site was performed.,,
,,2,77, ,,,,1,Surgery of the primary site was not performed because it was not part of the planned first-course treatment.,,
,,3,77, ,,,,2,"Surgery of the primary site was not recommended/performed because it was contraindicated due to patient risk factors (comorbid conditions, advanced age, etc.).",,
,,4,77, ,,,,5,Surgery of the primary site was not performed because the patient died prior to planned or recommended surgery.,,
,,5,77, ,,,,6,"Surgery of the primary site was not performed; it was recommended by the patient's physician, but was not performed as part of the first-course therapy. No reason was noted in the patient's record.",,
,,6,77, ,,,,7,"Surgery of the primary site was not performed; it was recommended by the patient's physician, but this treatment was refused by the patient, the patient's family member, or the patient's guardian. The refusal was noted in the patient record.",,
,,7,77, ,,,,8,"Surgery of the primary site was recommended, but it is unknown if it was performed. Further follow-up is recommended.",,
,,8,77, ,,,,9,It is unknown if surgery of the primary site was recommended or performed. Death certificate-only cases and autopsy-only cases.,,
registry,treatment,1,78,1,1350 RX Summ--DX/Stg Proc,Identifies the surgical procedure(s) performed in an effort to diagnose and/or stage disease.,,00,No surgical diagnostic or staging procedure was performed.,,
,,2,78, ,,,,01,"A biopsy (incisional, needle, or aspiration) was done to a site other than the primary site. No exploratory procedure was done.",,
,,3,78, ,,,,02,"A biopsy (incisional, needle, or aspiration) was done of the primary site.",,
,,4,78, ,,,,03,A surgical exploratory only. The patient was not biopsied or treated.,,
,,5,78, ,,,,04,"A surgical procedure with a bypass was performed, but no biopsy was done.",,
,,6,78, ,,,,05,"An exploratory procedure was performed, and a biopsy of either the primary site or another site was done.",,
,,7,78, ,,,,06,"A bypass procedure was performed, and a biopsy of either the primary site or another site was done.",,
,,8,78, ,,,,07,"A procedure was done, but the type of procedure is unknown.",,
,,9,78, ,,,,09,No information about whether a diagnostic or staging procedure was performed.,,
registry,treatment,1,79,1,1360 RX Summ--Radiation,Codes for the type of radiation therapy performed as part of the first course of treatment.,,0,None,,
,,2,79, ,,,,1,Beam radiation,,
,,3,79, ,,,,2,Radioactive implants,,
,,4,79, ,,,,3,Radioisotopes,,
,,5,79, ,,,,4,Combination of 1 with 2 or 3,,
,,6,79, ,,,,5,"Radiation, NOS-method or source not specified",,
,,7,79, ,,,,6,Currently allowable for historic cases only; see note below,,
,,8,79, ,,,,7,Patient or patient's guardian refused*,,
,,9,79, ,,,,8,"Radiation recommended, unknown if administered*",,
,,10,79, ,,,,9,Unknown if radiation administered,,
registry,treatment,1,80,1,1370 RX Summ--Rad to CNS,"For lung and leukemia cases only, codes for radiation given to the brain or central nervous system. Includes treatment given at all facilities as part of the first course.",,0,No radiation to the brain and/or central nervous system,,
,,2,80, ,,,,1,Radiation,,
,,3,80, ,,,,7,Patient or patient's guardian refused,,
,,4,80, ,,,,8,"Radiation recommended, unknown if administered",,
,,5,80, ,,,,9,Unknown,For all other cases (primaries other than lung or leukemia): 9     Not Applicable,
registry,treatment,1,81,1,1380 RX Summ--Surg/Rad Seq,Codes for the sequencing of radiation and surgery given as part of the first course of treatment.,,0,No radiation and/or no surgery; unknown if surgery and/or radiation given,,
,,2,81, ,,,,2,Radiation before surgery,,
,,3,81, ,,,,3,Radiation after surgery,,
,,4,81, ,,,,4,Radiation both before and after surgery,,
,,5,81, ,,,,5,Intraoperative radiation,,
,,6,81, ,,,,6,Intraoperative radiation with other radiation given before and/or after surgery,,
,,7,81, ,,,,7,Surgery both before and after radiation,,
,,8,81, ,,,,9,"Sequence unknown, but both surgery and radiation were given",,
registry,treatment,1,82,1,1390 RX Summ--Chemo,Codes for chemotherapy given as part of the first course of treatment or the reason chemotherapy was not given. Includes treatment given at all facilities as part of the first course.,,00,"None, chemotherapy was not part of the planned first course of therapy.",,
,,2,82, ,,,,01,"Chemotherapy, NOS.",,
,,3,82, ,,,,02,"Chemotherapy, single agent.",,
,,4,82, ,,,,03,"Chemotherapy, multiple agents.",,
,,5,82, ,,,,82,"Chemotherapy was not recommended/administered because it was contraindicated due to patient risk factors (i.e., comorbid conditions, advanced age).",,
,,6,82, ,,,,85,Chemotherapy was not administered because the patient died prior to planned or recommended therapy.,,
,,7,82, ,,,,86,"Chemotherapy was not administered. It was recommended by the patient's physician, but was not administered as part of first-course therapy. No reason was stated in the patient record.",,
,,8,82, ,,,,87,"Chemotherapy was not administered; it was recommended by the patient's physician, but this treatment was refused by the patient, the patient's family member, or the patient's guardian. The refusal was noted in the patient record.",,
,,9,82, ,,,,88,"Chemotherapy was recommended, but it is unknown if it was administered.",,
,,10,82, ,,,,99,It is unknown whether a chemotherapeutic agent(s) was recommended or administered because it is not stated in patient record; death certificate-only cases.,,
registry,treatment,1,83,1,1400 RX Summ--Hormone,"Records whether systemic hormonal agents were administered as first-course treatment at any facility, or the reason they were not given. Hormone therapy consists of a group of drugs that may affect the long-term control of a cancer’s growth. It is not usually used as a curative measure.",,00,"None, hormone therapy was not part of the planned first course of therapy.",,
,,2,83, ,,,,01,Hormone therapy administered as first course therapy.,,
,,3,83, ,,,,82,"Hormone therapy was not recommended/administered because it was contraindicated due to patient risk factors (i.e., comorbid conditions, advanced age).",,
,,4,83, ,,,,85,Hormone therapy was not administered because the patient died prior to planned or recommended therapy.,,
,,5,83, ,,,,86,"Hormone therapy was not administered. It was recommended by the patient's physician, but was not administered as part of first-course therapy. No reason was stated in the patient record.",,
,,6,83, ,,,,87,"Hormone therapy was not administered. It was recommended by the patient's physician, but this treatment was refused by the patient, the patient's family member, or the patient's guardian. The refusal was noted in the patient record.",,
,,7,83, ,,,,88,"Hormone therapy was recommended, but it is unknown if it was administered.",,
,,8,83, ,,,,99,It is unknown whether a hormonal agent(s) was recommended or administered because it is not stated in the patient record. Death certificate-only cases.,,
registry,treatment,1,84,1,1410 RX Summ--BRM,Records whether immunotherapeutic (biologic response modifiers) agents were administered as first-course treatment at all facilities or the reason they were not given. Immunotherapy consists of biological or chemical agents that alter the immune system or change the host’s response to tumor cells.,,00,"None, immunotherapy was not part of the planned first course of therapy.",,
,,2,84, ,,,,01,Immunotherapy administered as first course therapy.,,
,,3,84, ,,,,82,"Immunotherapy was not recommended/administered because it was contraindicated due to patient risk factors (i.e., comorbid conditions, advanced age).",,
,,4,84, ,,,,85,Immunotherapy was not administered because the patient died prior to planned or recommended therapy.,,
,,5,84, ,,,,86,"Immunotherapy was not administered. It was recommended by the patient's physician, but was not administered as part of first-course therapy. No reason was stated in the patient record.",,
,,6,84, ,,,,87,"Immunotherapy was not administered. It was recommended by the patient's physician, but this treatment was refused by the patient, the patient's family member, or the patient's guardian. The refusal was noted in the patient record.",,
,,7,84, ,,,,88,"Immunotherapy was recommended, but it is unknown if it was administered.",,
,,8,84, ,,,,99,It is unknown whether an immunotherapeutic agent(s) was recommended or administered because it is not stated in patient record; death certificate-only cases.,,
registry,treatment,1,85,1,1420 RX Summ--Other,"Identifies other treatment given at all facilities that cannot be defined as surgery, radiation, or systemic therapy according to the defined data items in this manual.",,0,None,,
,,2,85, ,,,,1,Other,,
,,3,85, ,,,,2,Other Experimental,,
,,4,85, ,,,,3,Other-Double Blind,,
,,5,85, ,,,,6,Other-Unproven,,
,,6,85, ,,,,7,Refusal,,
,,7,85, ,,,,8,Recommended,,
,,8,85, ,,,,9,Unknown; unknown if administered,,
registry,treatment,1,86,1,1430 Reason for No Radiation,Code the reason the patient did not receive radiation treatment as part of first course of therapy.,,0,Radiation therapy was administered.,,
,,2,86, ,,,,1,Radiation therapy was not administered because it was not part of the planned first-course treatment. Diagnosed at autopsy.,,
,,3,86, ,,,,2,"Radiation therapy was not administered because it was contraindicated due to patient risk factors (comorbid conditions, advanced age, etc).",,
,,4,86, ,,,,5,Radiation therapy was not administered because the patient died prior to planned or recommended treatment.,,
,,5,86, ,,,,6,"Radiation therapy was not administered; it was recommended by the patient's physician, but was not administered as part of the first-course therapy. No reason was noted in the patient's record.",,
,,6,86, ,,,,7,"Radiation therapy was not administered; it was recommended by the patient's physician, but this treatment was refused by the patient, the patient's family member, or the patient's guardian. The refusal was noted in the patient record.",,
,,7,86, ,,,,8,"Radiation therapy was recommended, but it is unknown if it was administered.",,
,,8,86, ,,,,9,It is unknown if radiation therapy was recommended or administered. Death-certificate-only.,,
registry,treatment,1,87,1,1639 RX Summ--Systemic/Sur Seq,Records the sequencing of systemic therapy,,0,No systemic therapy and/or surgical procedures; unknown if surgery and/or systemic therapy given,,
,,2,87, ,,,,2,Systemic therapy before surgery,,
,,3,87, ,,,,3,Systemic therapy after surgery,,
,,4,87, ,,,,4,Systemic therapy both before and after surgery,,
,,5,87, ,,,,5,Intraoperative systemic therapy,,
,,6,87, ,,,,6,Intraoperative systemic therapy with other therapy administered before and/or after surgery,,
,,7,87, ,,,,7,Surgery both before and after systemic therapy,,
,,8,87, ,,,,9,"Sequence unknown, but both surgery and systemic therapy given",,
registry,treatment,1,88,1,1640 RX Summ--Surgery Type,Field for pre-1996 surgery codes for CoC and pre-1998 surgery codes for SEER. ,,,Surgery codes used 1998 and later can be backward converted into the older codes and the converted value can be stored in this field.,,
registry,treatment,1,89,1,1646 RX Summ--Surg Site 98-02,Site-specific codes for the type of surgery to the primary site performed as part of the first course of treatment.,,00,No primary site surgery performed,,
,,2,89, ,,,,99,Unknown if primary site surgery performed,,
,,3,89, ,,,,xx,site specific codes,,
registry,treatment,1,90,1,1647 RX Summ--Scope Reg 98-02,"Describes the removal, biopsy or aspiration of regional lymph node(s) at the time of surgery of the primary site or during a separate surgical event at all facilities.",,,This field is to be used for ROADS codes after the ROADS to FORDS conversion.,,
registry,treatment,1,91,1,1648 RX Summ--Surg Oth 98-02,Records the surgical removal of distant lymph nodes or other tissue(s)/organ(s) beyond the primary site given at all facilities as part of the first course of treatment.,,,This field is to be used for ROADS codes after the ROADS to FORDS conversion.,,
registry,treatment,1,92,1,3250 RX Summ--Transplnt/Endocr,"Identifies systemic therapeutic procedures administered as part of the first course of treatment at this and all other facilities. If none of these procedures were administered then this item records the reason they were not performed. These include bone marrow transplants, stem cell harvests, surgical and/or radiation endocrine therapy.",,00,No transplant procedure or endocrine therapy was administered as part of first course therapy; diagnosed at autopsy,,
,,2,92, ,,,,10,"Bone marrow transplant procedure was administered, but the type was not specified.",,
,,3,92, ,,,,11,Bone marrow transplant-autologous,,
,,4,92, ,,,,12,Bone marrow transplant-allogeneic,,
,,5,92, ,,,,20,Stem cell harvest and infusion,,
,,6,92, ,,,,30,Endocrine surgery and/or endocrine radiation therapy.,,
,,7,92, ,,,,40,"Combination of endocrine surgery and/or radiation with a transplant procedure. (combination of codes 30 and 10, 11, 12 or 20).",,
,,8,92, ,,,,82,"Hematologic transplant and/or endocrine surgery/radiation was not recommended/administered because it was contraindicated due to patient risk factors (i.e., comorbid conditions, advanced age).",,
,,9,92, ,,,,85,Hematologic transplant and/or endocrine surgery/radiation was not administered because the patient died prior to planned or recommended therapy.,,
,,10,92, ,,,,86,"Hematologic transplant and/or endocrine surgery/radiation was not administered. It was recommended by the patient's physician, but was not administered as part of first-course therapy. No reason was stated in the patient record.",,
,,11,92, ,,,,87,"Hematologic transplant and/or endocrine surgery/radiation was not administered; it was recommended by the patient's physician, but this treatment was refused by the patient, the patient's family member, or the patient's guardian; refusal noted in patient record",,
,,12,92, ,,,,88,"Hematologic transplant and/or endocrine surgery/radiation was recommended, but it is unknown if it was administered",,
,,13,92, ,,,,99,It is unknown whether hematologic transplant and/or endocrine surgery/radiation was recommended or administered because it is not stated in patient record; death certificate-only cases,,
registry,treatment,1,93,1,3270 RX Summ--Palliative Proc,Identifies any care provided in an effort to palliate or alleviate symptoms. P,,0,No palliative care provided; diagnosed at autopsy,,
,,2,93, ,,,,1,"Surgery (which may involve a bypass procedure) to alleviate symptoms, but no attempt to diagnose, stage, or treat the primary tumor is made",,
,,3,93, ,,,,2,"Radiation therapy to alleviate symptoms, but no attempt to diagnose, stage, or treat the primary tumor is made",,
,,4,93, ,,,,3,"Chemotherapy, hormone therapy, or other systemic drugs to alleviate symptoms, but no attempt to diagnose, stage, or treat the primary tumor is made",,
,,5,93, ,,,,4,Patient received or was referred for pain management therapy with no other palliative care,,
,,6,93, ,,,,5,"Any combination of codes 1, 2, and/or 3 without code 4",,
,,7,93, ,,,,6,"Any combination of codes 1, 2, and/or 3 with code 4",,
,,8,93, ,,,,7,"Palliative care was performed or referred, but no information on the type of procedure is available in the patient record",,
,,9,93, ,,,,9,Unknown if palliative care was performed or referred; not stated in patient record,,
registry,treatment,1,94,1,1200 RX DATE SURGERY,,date_ymd,,SPECIFY DATE FORMAT,,
registry,treatment,1,95,1,1201 FLAG-RX DATE SURGERY,Reason for blank fields,,10,"No information whatsoever can be inferred from this exceptional value (e.g., unknown if any surgical procedure site was performed).",,
,,2,95, ,,,,11,"No proper value is applicable in this context (e.g., no surgical procedure was performed; autopsy only case).",,
,,3,95, ,,,,12,"A proper value is applicable but not known. This event occurred, but the date is unknown (e.g., surgery was performed but the date is unknown).",,
,,4,95, ,,,,Blank,"A valid date value is provided in item RX Date Surgery [1200], or the date was not expected to have been transmitted.",,
registry,treatment,1,96,1,1210 RX DATE RADIATION,,date_ymd,,SPECIFY DATE FORMAT,,
registry,treatment,1,97,1,1211 FLAG-RX DATE RADIATION,Reason for blank fields,,10,"No information whatsoever can be inferred from this exceptional value (e.g., unknown whether any radiation therapy administered).",,
,,2,97, ,,,,11,"No proper value is applicable in this context (e.g., no radiation therapy administered; autopsy only case).",,
,,3,97, ,,,,12,"A proper value is applicable but not known. This event occurred, but the date is unknown (e.g., radiation therapy administered but date is unknown).",,
,,4,97, ,,,,15,"Information is not available at this time, but it is expected that it will be available later (e.g., radiation therapy is planned as part of the first course of therapy, but had not been started at the time of the most recent follow-up).",,
,,5,97, ,,,,Blank,"A valid date value is provided in item RX Date Radiation [1210], or the date was not expected to have been transmitted.",,
registry,treatment,1,98,1,1220 RX DATE CHEMO,,date_ymd,,SPECIFY DATE FORMAT,,
registry,treatment,1,99,1,1221 FLAG-RX DATE CHEMO,Reason for blank fields,,10,"No information whatsoever can be inferred from this exceptional value (e.g., unknown if chemotherapy administered).",,
,,2,99, ,,,,11,"No proper value is applicable in this context (e.g., no chemotherapy administered; autopsy only case).",,
,,3,99, ,,,,12,"A proper value is applicable but not known. This event occurred, but the date is unknown (e.g., chemotherapy administered but date is unknown).",,
,,4,99, ,,,,15,"Information is not available at this time, but it is expected that it will be available later (e.g., chemotherapy is planned as part of the first course of therapy, but had not been started at the time of the most recent follow-up).",,
,,5,99, ,,,,Blank,"A valid date value is provided in item RX Date Chemo [1220], or the date was not expected to have been transmitted.",,
registry,treatment,1,100,1,1230 RX DATE HORMONE,,date_ymd,,SPECIFY DATE FORMAT,,
registry,treatment,1,101,1,1231 FLAG-RX DATE HORMONE,Reason for blank fields,,10,"No information whatsoever can be inferred from this exceptional value (e.g., unknown if any hormone therapy administered).",,
,,2,101, ,,,,11,"No proper value is applicable in this context (e.g., no hormone therapy administered; autopsy only cases).",,
,,3,101, ,,,,12,"A proper value is applicable but not known. This event occurred, but the date is unknown (e.g., hormone therapy administered but date is unknown).",,
,,4,101, ,,,,15,"Information is not available at this time, but it is expected that it will be available later (e.g., hormone therapy is planned as part of the first course of therapy, but had not been started at the time of the most recent follow-up).",,
,,5,101, ,,,,Blank,"A valid date value is provided in item RX Date Hormone [1230], or the date was not expected to have been transmitted.",,
registry,treatment,1,102,1,1240 RX DATE BRM,,date_ymd,,SPECIFY DATE FORMAT,,
registry,treatment,1,103,1,1241 FLAG-RX DATE BRM,Reason for blank fields,,10,"No information whatsoever can be inferred from this exceptional value (e.g, unknown if immunotherapy administered).",,
,,2,103, ,,,,11,"No proper value is applicable in this context (e.g., no immunotherapy administered; autopsy only case).",,
,,3,103, ,,,,12,"A proper value is applicable but not known. This event occurred, but the date is unknown (e.g., immunotherapy administered but date is unknown).",,
,,4,103, ,,,,15,"Information is not available at this time, but it is expected that it will be available later (e.g., immune therapy is planned as part of the first course of therapy, but had not been started at the time of the most recent follow-up).",,
,,5,103, ,,,,Blank,"A valid date value is provided in item RX Date BRM [1240], or the date was not expected to have been transmitted.",,
registry,treatment,1,104,1,1250 RX DATE OTHER,,date_ymd,,SPECIFY DATE FORMAT,,
registry,treatment,1,105,1,1251 FLAG-RX DATE OTHER,Reason for blank fields,,10,"No information whatsoever can be inferred from this exceptional value (e.g, unknown if other therapy administered).",,
,,2,105, ,,,,11,"No proper value is applicable in this context (e.g., no other treatment administered; autopsy only case).",,
,,3,105, ,,,,12,"A proper value is applicable but not known. This event occurred, but the date is unknown (e.g., other therapy administered but the date is unknown).",,
,,4,105, ,,,,15,"Information is not available at this time, but it is expected that it will be available later (e.g., other therapy is planned as part of the first course of therapy, but had not been started at the time of the most recent follow-up).",,
,,5,105, ,,,,Blank,"A valid date value is provided in item RX Date Other [1250], or the date was not expected to have been transmitted.",,
registry,treatment,1,106,1,1280 RX DATE DX/STG PROC,,date_ymd,,SPECIFY DATE FORMAT,,
registry,treatment,1,107,1,1281 FLAG-RX DATE DX/STG PROC,Reason for blank fields,,10,"No information whatsoever can be inferred from this exceptional value (e.g, unknown if any diagnostic or staging procedure performed).",,
,,2,107, ,,,,11,"No proper value is applicable in this context (e.g., no diagnostic or staging procedure performed; autopsy only case).",,
,,3,107, ,,,,12,"A proper value is applicable but not known. This event occurred, but the date is unknown (e.g., diagnostic or staging procedure performed but date is unknown).",,
,,4,107, ,,,,Blank,"A valid date value is provided in item RX Date DX/Stg Proc [1280], or the date was not expected to have been transmitted.",,
registry,treatment,1,108,1,3170 RX DATE MST DEFN SRG,,date_ymd,,SPECIFY DATE FORMAT,,
registry,treatment,1,109,1,3171 FLAG-RX DATE MST DEFN SRG,Reason for blank fields,,10,"No information whatsoever can be inferred from this exceptional value. (e.g, unknown if any surgical procedure of the primary site was performed).",,
,,2,109, ,,,,11,"No proper value is applicable in this context (e.g., no surgical resection of the primary site was performed and for cases diagnosed at autopsy).",,
,,3,109, ,,,,12,"A proper value is applicable but not known. This event occurred, but the date is unknown (e.g., surgical procedure of the primary site was performed but the date is unknown).",,
,,4,109, ,,,,Blank,"A valid date value is provided in item RX Date Mst Defn Srg [3170], or the date was not expected to have been transmitted.",,
registry,treatment,1,110,1,3180 RX DATE SURG DISCH,,date_ymd,,SPECIFY DATE FORMAT,,
registry,treatment,1,111,1,3181 FLAG-RX DATE SURG DISCH,Reason for blank fields,,10,"No information whatsoever can be inferred from this exceptional value (e.g., unknown whether surgical treatment was performed).",,
,,2,111, ,,,,11,"No proper value is applicable in this context (e.g., no surgical treatment of the primary site was performed; autopsy only case).",,
,,3,111, ,,,,12,"A proper value is applicable but not known. This event occurred, but the date is unknown (e.g., surgical treatment performed but the date of discharge is unknown).",,
,,4,111, ,,,,Blank,"A valid date value is provided in item RX Date Surg Disch [3180], or the date was not expected to have been transmitted.",,
registry,treatment,1,112,1,3220 RX DATE RAD ENDED,,date_ymd,,SPECIFY DATE FORMAT,,
registry,treatment,1,113,1,3221 FLAG-RX DATE RAD ENDED,Reason for blank fields,,10,"No information whatsoever can be inferred from this exceptional value (e.g., unknown if radiation therapy administered).",,
,,2,113, ,,,,11,"No proper value is applicable in this context (e.g., radiation therapy was not administered; diagnosed at autopsy).",,
,,3,113, ,,,,12,"A proper value is applicable but not known. This event occurred, but the date is unknown (e.g., date radiation ended is unknown).",,
,,4,113, ,,,,15,"Information is not available at this time, but it is expected that it will be available later (e.g., radiation was administered and was ongoing at the time of most recent follow-up).",,
,,5,113, ,,,,Blank,"A valid date value is provided in item RX Date Rad Ended [3220], or the date was not expected to have been transmitted.",,
registry,treatment,1,114,1,3230 RX DATE SYSTEMIC,,date_ymd,,SPECIFY DATE FORMAT,,
registry,treatment,1,115,1,3231 FLAG-RX DATE SYSTEMIC,Reason for blank fields,,10,"No information whatsoever can be inferred from this exceptional value (e.g., unknown if systemic therapy was administered).",,
,,2,115, ,,,,11,"No proper value is applicable in this context (e.g., no systemic therapy was administered; autopsy only case).",,
,,3,115, ,,,,12,"A proper value is applicable but not known. This event occurred, but the date is unknown (e.g., systemic therapy administered but date is unknown).",,
,,4,115, ,,,,15,"Information is not available at this time, but it is expected that it will be available later (e.g., systemic therapy is planned as part of the first course of therapy, but had not been started at the time of the most recent follow-up).",,
,,5,115, ,,,,Blank,"A valid date value is provided in item RX Date Systemic [3230], or the date was not expected to have been transmitted.",,
emr,clinical,1,116,1,BMI 0 pre 0yr,body mass index: The measure that is closest to and prior to the date of diagnosis,,,,"** longitudinal vitals: 1 year after, two years after",
emr,clinical,1,117,1,BMI 0 pre 0yr date,BMI: The date that is closest to and prior to the date that is one year after date of diagnosis,date_ymd,,,,
emr,clinical,1,118,1,BMI 1 post 0yr,body mass index: The measure that is closest to and after the date of diagnosis,,,,,
emr,clinical,1,119,1,BMI 1 post 0yr date,BMI: The date that is closest to and after the date that is one year after date of diagnosis,date_ymd,,,,
emr,clinical,1,120,1,BMI 2 pre 1yr,The measure that is closest to and prior to the date that is one year after date of diagnosis,,,,,
emr,clinical,1,121,1,BMI 2 pre 1yr date,BMI: The date that is closest to and prior to the date that is one year after date of diagnosis,date_ymd,,,,
emr,clinical,1,122,1,BMI 3 post 1yr,The measure that is closest to and after the date that is one year after date of diagnosis,,,,,
emr,clinical,1,123,1,BMI 3 post 1yr date,BMI: The date that is closest to and after the date that is one year after date of diagnosis,date_ymd,,,,
emr,clinical,1,124,1,BMI 4 pre 2yr,The measure that is closest to and prior to the date that is two years after date of diagnosis,,,,,
emr,clinical,1,125,1,BMI 4 pre 2yr date,BMI: The date that is closest to and prior to the date that is two year after date of diagnosis,date_ymd,,,,
emr,clinical,1,126,1,BMI 5 post 2yr,The measure that is closest to and after the date that is two years after date of diagnosis,,,,,
emr,clinical,1,127,1,BMI 5 post 2yr date,BMI: The date that is closest to and after the date that is two year after date of diagnosis,date_ymd,,,,
