field_name,form_name,section_header,field_type,field_label,select_choices_or_calculations,field_note,text_validation_type_or_show_slider_number,text_validation_min,text_validation_max,identifier,branching_logic,required_field,custom_alignment,question_number,matrix_group_name
v00_tumorid,admin,,text,TumorID,,Study ID and Sequence Number source: mixed,,,,,,,,,
v01_studyid,admin,,text,StudyID,,Study ID source: study,,,,,,,,,
v02_breastsurvey,admin,,dropdown,breastsurvey,"1, Yes
2, No",Breast Cancer Survey Participant source: study,,,,,,,,,
v03_medrecordconsent,admin,,dropdown,medrecordconsent,"1, Yes
2, No",Medical Record Consent Given source: study,,,,,,,,,
v13_seer_site_summary,clinical,,text,SEER Site Summary,,source: registry,,,,,,,,,
v14_0400_primary_site,clinical,,text,0400 Primary Site,,Primary site source: registry ICD-O-2 or ICD-O-3,,,,,,,,,
v15_0380_sequence_numbercentral,clinical,,dropdown,0380 Sequence Number-Central,"00, 00-One primary in the patient's lifetime
01, 01-First of two or more primaries
02, 02-Second of two or more primaries
03, 03-Third of two or more primaries
04, 04-Fourth of two or more primaries
59, 59-Fifty-ninth or higher of fifty-nine or more primaries
99, 99-Unspecified or unknown sequence number of Federally required in situ or malignant tumors. Sequence number 99 can be used if there is a malignant tumor and its sequence number is unknown. If there is known to be more than one malignant tumor* then the tumors must be sequenced.)
60, 60-One non-malignant tumor or central registry-defined neoplasm
61, 61-First of two or more non-malignant tumor or central registry-defined neoplasms
62, 62-Second of two or more non-malignant tumor or central registry-defined neoplasms
88, 88-Unspecified or unknown sequence number for non-malignant tumor or central registry-defined neoplasms. (Sequence number 88 can be used if there is a non-malignant tumor and its sequence number is unknown. If there is known to be more than one non-malignant tumor* then the tumors must be sequenced.)
98, 98-Cervix carcinoma in situ (CIS)/CIN III* Diagnosis Years 1996-2002.",Sequence number - central source: registry see note in other tab. Item indicates the sequence of all malignant and non-malignant neoplasms over the lifetime of the patient. The code may differ from the Sequence Number--Central [380] because the definitions of reportable neoplasms often vary between a hospital and a central registry. The two items also handle some types of tumors differently.,,,,,,,,,
v16_0560_sequence_numberhospital,clinical,,dropdown,0560 Sequence Number-Hospital,"00, 00-One primary in the patient's lifetime
01, 01-First of two or more primaries
02, 02-Second of two or more primaries
03, 03-Third of two or more primaries
04, 04-Fourth of two or more primaries
59, 59-Fifty-ninth or higher of fifty-nine or more primaries
99, 99-Unspecified or unknown sequence number of Federally required in situ or malignant tumors. Sequence number 99 can be used if there is a malignant tumor and its sequence number is unknown. If there is known to be more than one malignant tumor* then the tumors must be sequenced.)
60, 60-One non-malignant tumor or central registry-defined neoplasm
61, 61-First of two or more non-malignant tumor or central registry-defined neoplasms
62, 62-Second of two or more non-malignant tumor or central registry-defined neoplasms
88, 88-Unspecified or unknown sequence number for non-malignant tumor or central registry-defined neoplasms. (Sequence number 88 can be used if there is a non-malignant tumor and its sequence number is unknown. If there is known to be more than one non-malignant tumor* then the tumors must be sequenced.)
98, 98-Cervix carcinoma in situ (CIS)/CIN III* Diagnosis Years 1996-2002.",Sequence number - hospital source: registry,,,,,,,,,
v18_0390_date_of_diagnosis,clinical,,text,0390 Date of diagnosis,,Date of diagnosis source: registry,date_ymd,,,y,,,,,
v19_0230_age_at_diagnosis,clinical,,text,0230 Age at Diagnosis,,Age at diagnosis source: registry,integer,000,999,,,,,,
v21_2940_derived_ajcc6_t,clinical,,dropdown,2940 Derived AJCC-6 T,"99, 99-TX 
00, 00-T0 
05, 05-Tis 
10, 10-T1 
11, 11-T1mic 
12, 12-T1a 
15, 15-T1b 
18, 18-T1c 
20, 20-T2 
21, 21-T2a 
22, 22-T2b 
30, 30-T3 
31, 31-T3a 
32, 32-T3b 
40, 40-T4 
49, 49-T4 NOS 
41, 41-T4a 
42, 42-T4b 
43, 43-T4c 
44, 44-T4d 
88, 88-Not applicable ",AJCC 6th ed tumor stage source: registry,,,,,,,,,
v22_2960_derived_ajcc6_n,clinical,,dropdown,2960 Derived AJCC-6 N,"99, 99-NX 
00, 00-N0 
01, 01-N0 1
02, 02-N0 2
03, 03-N0 3
04, 04-N0 4
10, 10-N1 
11, 11-N1 1
12, 12-N1 2
13, 13-N1 3
18, 18-N1 8
19, 19-N1 9
20, 20-N2 
21, 21-N2a 
22, 22-N2b 
23, 23-N2 3
29, 29-N2 9
30, 30-N3 
31, 31-N3a 
32, 32-N3b 
39, 39-N3 9
33, 33-N3c 
88, 88-Not applicable ",AJCC 6th ed node stage source: registry,,,,,,,,,
v23_2980_derived_ajcc6_m,clinical,,dropdown,2980 Derived AJCC-6 M,"99, 99-MX
00, 00-M0
10, 10-M1
11, 11-11
12, 12-12
13, 13-13
19, 19-19
88, 88-88","AJCC 6th ed distance metastasis stage source: registry TODO: labels for 11, 12, 13, 19, 88",,,,,,,,,
v24_3000_derived_ajcc6_stage_grp,clinical,,text,3000 Derived AJCC-6 Stage Grp,,AJCC 6th ed group stage source: registry TODO: all 50 codes,integer,00,99,,,,,,
v25_3020_derived_ss2000,clinical,,dropdown,3020 Derived SS2000,"0, 0-In Situ 
1, 1-Localized 
2, 2-Regional* direct extension 
3, 3-Regional* lymph nodes only 
4, 4-Regional* extension and nodes 
5, 5-Regional* NOS 
7, 7-Distant 
8, 8-Not applicable 
9, 9-Unknown/Unstaged ",Derived SS 2000 stage source: registry,,,,,,,,,
v26_3400_derived_ajcc7_t,clinical,,dropdown,3400 Derived AJCC-7 T,"999, 999-TX 
000, 000-T0 
050, 050-Tis 
100, 100-T1 
110, 110-T1mic 
120, 120-T1a 
150, 150-T1b 
180, 180-T1c 
200, 200-T2 
300, 300-T3 
400, 400-T4 
410, 410-T4a 
420, 420-T4b 
430, 430-T4c 
440, 440-T4d 
888, 888-Not applicable ",AJCC 7th ed tumor stage source: registry,,,,,,,,,
v27_3410_derived_ajcc7_n,clinical,,text,3410 Derived AJCC-7 N,,"AJCC 7th ed node stage source: registry TODO: add N0, N1, … NX codes",integer,000,999,,,,,,
v28_3420_derived_ajcc7_m,clinical,,dropdown,3420 Derived AJCC-7 M,"999, 999-MX 
000, 000-M0 
010, 010-M0(i+) 
100, 100-M1 
888, 888-Not applicable ",AJCC 7th ed distance metastasis stage source: registry,,,,,,,,,
v29_3430_derived_ajcc7_stage_grp,clinical,,text,3430 Derived AJCC-7 Stage Grp,,"AJCC 7th ed group stage source: registry This is the AJCC “Stage Group” component that is derived from CS detailed site-specific codes, using the CS algorithm, effective for 2010+ diagnosis. For list of codes see http://www.ccrcal.org/PAQC_Pubs/V3_2010_Forward/Data_Items/Derived_AJCC-7_Stage_Grp.htm TODO: all 53 codes",integer,000,999,,,,,,
v30_2800_cs_tumor_size,clinical,,text,2800 CS Tumor Size,,Collaborative stage - tumor size source: registry http://web2.facs.org/cstage0205/breast/Breastschema.html,integer,,,,,,,,
v31_2830_cs_lymph_nodes,clinical,,text,2830 CS Lymph Nodes,,Collaborative stage - number of positive lymph nodes source: registry http://web2.facs.org/cstage0205/breast/Breastschema.html,integer,0,999,,,,,,
v32_2840_cs_lymph_nodes_eval,clinical,,text,2840 CS Lymph Nodes Eval,,Collaborative stage - number of lymph nodes evaluated source: registry http://web2.facs.org/cstage0205/breast/Breastschema.html,integer,0,999,,,,,,
v33_440_grade,clinical,,dropdown,440 Grade,"1, 1-Grade I
2, 2-Grade II
3, 3-Grade III
4, 4-Grade IV
5, 5-T-cell
6, 6-B-cell
7, 7-Null cell
8, 8-NK (natural killer) cell
9, 9-Grade/differentiation unknown* not stated* or not applicable","Grade source: registry Should only take values 1-4, 9",,,,,,,,,
v34_2850_cs_mets_at_dx,clinical,,text,2850 CS Mets at DX,,Collaborative stage - metastasis at diagnosis source: registry http://web2.facs.org/cstage0205/breast/Breastschema.html,,,,,,,,,
v35_2860_cs_mets_eval,clinical,,text,2860 CS Mets Eval,,Collaborative stage - metastasis evaluated source: registry http://web2.facs.org/cstage0205/breast/Breastschema.html,,,,,,,,,
v36_521_morphtypebehav_icd03,clinical,,text,521 Morph--Type&Behav ICD-0-3,,Morphology (Histology and Behavior) source: registry ICD-O-3 (years?),,,,,,,,,
v37_410_laterality,clinical,,dropdown,410 Laterality,"0, 0-Not a paired site
1, 1-Right: origin of primary
2, 2-Left: origin of primary
3, 3-Only one side involved* right or left origin unspecified
4, 4-Bilateral involvement at time of diagnosis* lateral origin unknown for a single primary; or both ovaries involved simultaneously* single histology; bilateral retinoblastomas; bilateral Wilms' tumors
5, 5-Paired site: midline tumor
9, 9-Paired site* but no information concerning laterality",Laterality source: registry,,,,,,,,,
v38_2880_cs_sitespecific_factor_1,clinical,,text,2880 CS Site-Specific Factor 1,,"ER status source: registry http://web2.facs.org/cstage0205/breast/Breastschema.html - but codes are site specific and we may have other sites, so let's allow any",integer,000,999,,,,,,
v39_2890_cs_sitespecific_factor_2,clinical,,text,2890 CS Site-Specific Factor 2,,PR status source: registry http://web2.facs.org/cstage0205/breast/Breastschema.html,integer,000,999,,,,,,
v40_2869_cs_sitespecific_factor_15,clinical,,text,2869 CS Site-Specific Factor 15,,HER2 status source: registry http://web2.facs.org/cstage0205/breast/Breastschema.html,integer,010,999,,,,,,
v41_2876_cs_site_specific_factor_22,clinical,,text,2876 CS Site Specific Factor 22,,Multigene signature method source: registry http://web2.facs.org/cstage0205/breast/Breastschema.html,integer,000,999,,,,,,
v42_2877_cs_site_specific_factor_23,clinical,,text,2877 CS Site Specific Factor 23,,Multigene signature results source: registry http://web2.facs.org/cstage0205/breast/Breastschema.html,integer,000,999,,,,,,
v43_1760_vital_status,clinical,,dropdown,1760 Vital Status,"0, 0-Dead (CoC)
1, 1-Alive
4, 4-Dead (SEER)",Vital status source: registry,,,,,,,,,
v45_820_regional_nodes_positive,clinical,,text,820 Regional Nodes Positive,,Records the exact number of regional nodes examined by the pathologist and found to contain metastases. source: registry,integer,00,99,,,,,,
v46_830_regional_nodes_examined,clinical,,text,830 Regional Nodes Examined,,Records the total number of regional lymph nodes that were removed and examined by the pathologist. source: registry,integer,00,99,,,,,,
v47_1770_cancer_status,clinical,,dropdown,1770 cancer status,"1, 1-No evidence of this tumor
2, 2-Evidence of this tumor
9, 9-Unknown* indeterminate whether this tumor is present* not stated in patient record",Records the presence or absence of clinical evidence of the patient's malignant or non-malignant tumor as of the Date of Last Contact source: registry,,,,,,,,,
v49_1860_recurrence_date,clinical,,text,1860 Recurrence date,,source: registry,date_ymd,,,y,,,,,
v53_deceased_per_ssa,clinical,,dropdown,Deceased per SSA,"y, y-Deceased
n, n-Alive
NI, NI-Unknown",source: registry,,,,,,,,,
v116_bmi_pre_0yr,clinical,,text,BMI pre 0yr,,"body mass index: The measure that is closest to and prior to the date of diagnosis source: emr ** longitudinal vitals: 1 year after, two years after",,,,,,,,,
v117_bmi_pre_0yr_date,clinical,,text,BMI pre 0yr date,,BMI: The date that is closest to and prior to the date that is one year after date of diagnosis source: emr,date_ymd,,,y,,,,,
v118_bmi_post_0yr,clinical,,text,BMI post 0yr,,body mass index: The measure that is closest to and after the date of diagnosis source: emr,,,,,,,,,
v119_bmi_post_0yr_date,clinical,,text,BMI post 0yr date,,BMI: The date that is closest to and after the date that is one year after date of diagnosis source: emr,date_ymd,,,y,,,,,
v120_bmi_pre_1yr,clinical,,text,BMI pre 1yr,,The measure that is closest to and prior to the date that is one year after date of diagnosis source: emr,,,,,,,,,
v121_bmi_pre_1yr_date,clinical,,text,BMI pre 1yr date,,BMI: The date that is closest to and prior to the date that is one year after date of diagnosis source: emr,date_ymd,,,y,,,,,
v122_bmi_post_1yr,clinical,,text,BMI post 1yr,,The measure that is closest to and after the date that is one year after date of diagnosis source: emr,,,,,,,,,
v123_bmi_post_1yr_date,clinical,,text,BMI post 1yr date,,BMI: The date that is closest to and after the date that is one year after date of diagnosis source: emr,date_ymd,,,y,,,,,
v124_bmi_pre_2yr,clinical,,text,BMI pre 2yr,,The measure that is closest to and prior to the date that is two years after date of diagnosis source: emr,,,,,,,,,
v125_bmi_pre_2yr_date,clinical,,text,BMI pre 2yr date,,BMI: The date that is closest to and prior to the date that is two year after date of diagnosis source: emr,date_ymd,,,y,,,,,
v126_bmi_post_2yr,clinical,,text,BMI post 2yr,,The measure that is closest to and after the date that is two years after date of diagnosis source: emr,,,,,,,,,
v127_bmi_post_2yr_date,clinical,,text,BMI post 2yr date,,BMI: The date that is closest to and after the date that is two year after date of diagnosis source: emr,date_ymd,,,y,,,,,
v04_0240_date_of_birth,demographic,,text,0240 Date of birth,,Date of birth source: registry,date_ymd,,,y,,,,,
v05_0160_race_1,demographic,,dropdown,0160 Race 1,"01, 01-White
02, 02-Black
03, 03-American Indian* Aleutian* or Eskimo (includes all indigenous populations of the Western hemisphere)
04, 04-Chinese
05, 05-Japanese
06, 06-Filipino
07, 07-Hawaiian
08, 08-Korean
10, 10-Vietnamese
11, 11-Laotian
12, 12-Hmong
13, 13-Kampuchean (Cambodian)
14, 14-Thai
15, 15-Asian Indian or Pakistani* NOS (code 09 prior to Version 12)
16, 16-Asian Indian
17, 17-Pakistani
20, 20-Micronesian* NOS
21, 21-Chamorro/Chamoru
22, 22-Guamanian* NOS
25, 25-Polynesian* NOS
26, 26-Tahitian
27, 27-Samoan
28, 28-Tongan
30, 30-Melanesian* NOS
31, 31-Fiji Islander
32, 32-New Guinean
96, 96-Other Asian* including Asian* NOS and Oriental* NOS
97, 97-Pacific Islander* NOS
98, 98-Other
99, 99-Unknown",Race source: registry Code 09 was retired effective with Version 12.,,,,,,,,,
v06_0161_race_2,demographic,,dropdown,0161 Race 2,"01, 01-White
02, 02-Black
03, 03-American Indian* Aleutian* or Eskimo (includes all indigenous populations of the Western hemisphere)
04, 04-Chinese
05, 05-Japanese
06, 06-Filipino
07, 07-Hawaiian
08, 08-Korean
10, 10-Vietnamese
11, 11-Laotian
12, 12-Hmong
13, 13-Kampuchean (Cambodian)
14, 14-Thai
15, 15-Asian Indian or Pakistani* NOS (code 09 prior to Version 12)
16, 16-Asian Indian
17, 17-Pakistani
20, 20-Micronesian* NOS
21, 21-Chamorro/Chamoru
22, 22-Guamanian* NOS
25, 25-Polynesian* NOS
26, 26-Tahitian
27, 27-Samoan
28, 28-Tongan
30, 30-Melanesian* NOS
31, 31-Fiji Islander
32, 32-New Guinean
88, 88-No further race documented
96, 96-Other Asian* including Asian* NOS and Oriental* NOS
97, 97-Pacific Islander* NOS
98, 98-Other
99, 99-Unknown",Race source: registry Code 09 was retired effective with Version 12.,,,,,,,,,
v07_0162_race_3,demographic,,dropdown,0162 Race 3,"01, 01-White
02, 02-Black
03, 03-American Indian* Aleutian* or Eskimo (includes all indigenous populations of the Western hemisphere)
04, 04-Chinese
05, 05-Japanese
06, 06-Filipino
07, 07-Hawaiian
08, 08-Korean
10, 10-Vietnamese
11, 11-Laotian
12, 12-Hmong
13, 13-Kampuchean (Cambodian)
14, 14-Thai
15, 15-Asian Indian or Pakistani* NOS (code 09 prior to Version 12)
16, 16-Asian Indian
17, 17-Pakistani
20, 20-Micronesian* NOS
21, 21-Chamorro/Chamoru
22, 22-Guamanian* NOS
25, 25-Polynesian* NOS
26, 26-Tahitian
27, 27-Samoan
28, 28-Tongan
30, 30-Melanesian* NOS
31, 31-Fiji Islander
32, 32-New Guinean
88, 88-No further race documented
96, 96-Other Asian* including Asian* NOS and Oriental* NOS
97, 97-Pacific Islander* NOS
98, 98-Other
99, 99-Unknown",Race source: registry Code 09 was retired effective with Version 12.,,,,,,,,,
v08_0163_race_4,demographic,,dropdown,0163 Race 4,"01, 01-White
02, 02-Black
03, 03-American Indian* Aleutian* or Eskimo (includes all indigenous populations of the Western hemisphere)
04, 04-Chinese
05, 05-Japanese
06, 06-Filipino
07, 07-Hawaiian
08, 08-Korean
10, 10-Vietnamese
11, 11-Laotian
12, 12-Hmong
13, 13-Kampuchean (Cambodian)
14, 14-Thai
15, 15-Asian Indian or Pakistani* NOS (code 09 prior to Version 12)
16, 16-Asian Indian
17, 17-Pakistani
20, 20-Micronesian* NOS
21, 21-Chamorro/Chamoru
22, 22-Guamanian* NOS
25, 25-Polynesian* NOS
26, 26-Tahitian
27, 27-Samoan
28, 28-Tongan
30, 30-Melanesian* NOS
31, 31-Fiji Islander
32, 32-New Guinean
88, 88-No further race documented
96, 96-Other Asian* including Asian* NOS and Oriental* NOS
97, 97-Pacific Islander* NOS
98, 98-Other
99, 99-Unknown",Race source: registry Code 09 was retired effective with Version 12.,,,,,,,,,
v09_0164_race_5,demographic,,dropdown,0164 Race 5,"01, 01-White
02, 02-Black
03, 03-American Indian* Aleutian* or Eskimo (includes all indigenous populations of the Western hemisphere)
04, 04-Chinese
05, 05-Japanese
06, 06-Filipino
07, 07-Hawaiian
08, 08-Korean
10, 10-Vietnamese
11, 11-Laotian
12, 12-Hmong
13, 13-Kampuchean (Cambodian)
14, 14-Thai
15, 15-Asian Indian or Pakistani* NOS (code 09 prior to Version 12)
16, 16-Asian Indian
17, 17-Pakistani
20, 20-Micronesian* NOS
21, 21-Chamorro/Chamoru
22, 22-Guamanian* NOS
25, 25-Polynesian* NOS
26, 26-Tahitian
27, 27-Samoan
28, 28-Tongan
30, 30-Melanesian* NOS
31, 31-Fiji Islander
32, 32-New Guinean
88, 88-No further race documented
96, 96-Other Asian* including Asian* NOS and Oriental* NOS
97, 97-Pacific Islander* NOS
98, 98-Other
99, 99-Unknown",Race source: registry Code 09 was retired effective with Version 12.,,,,,,,,,
v10_0190_spanish_hispanic_origin,demographic,,dropdown,0190 SPANISH / HISPANIC ORIGIN,"0, 0-Non-Spanish; non-Hispanic
1, 1-Mexican (includes Chicano)
2, 2-Puerto Rican
3, 3-Cuban
4, 4-South or Central American (except Brazil)
5, 5-Other specified Spanish/Hispanic origin (includes European; excludes Dominican Republic)
6, 6-Spanish* NOS Hispanic* NOS Latino* NOS There is evidence* other than surname or maiden name* that the person is Hispanic* but he/she cannot be assigned to any of the other categories 1-5.
7, 7-Spanish surname only (Code 7 is ordinarily for central registry use only* hospital registrars may use code 7 if using a list of Hispanic surnames provided by their central registry; otherwise* code 9 'unknown whether Spanish or not' should be used.) The only evidence of the person's Hispanic origin is the surname or maiden name and there is no contrary evidence that the person is not Hispanic.
8, 8-Dominican Republic
9, 9-Unknown whether Spanish or not",Hispanic/Hispanic Origin source: registry,,,,,,,,,
v11_0220_sex,demographic,,dropdown,0220 Sex,"1, 1-Male
2, 2-Female
3, 3-Other (hermaphrodite)
4, 4-Transsexual* NOS
5, 5-Transsexual* natal male
6, 6-Transsexual* natal female
9, 9-Not stated/Unknown",Sex source: registry,,,,,,,,,
v12_0150_marital_status_at_dx,demographic,,dropdown,0150 Marital Status at DX,"1, 1-Single (never married)
2, 2-Married (including common law)
3, 3-Separated
4, 4-Divorced
5, 5-Widowed
6, 6-Unmarried or Domestic Partner (same sex or opposite sex* registered or unregistered* other than common law marriage)
9, 9-Unknown",Marital Status at diagnosis source: registry,,,,,,,,,
v52_language,demographic,,text,Language,,source: EMR,,,,,,,,,
v17_0610_class_of_case,registry,,dropdown,0610 Class of Case,"00, 00-Initial diagnosis at the reporting facility AND all treatment or a decision not to treat was done ELSEWHERE
10, 10-Initial diagnosis at the reporting facility or in a staff physician's office AND PART OR ALL of first course treatment or a decision not to treat was at the reporting facility* NOS
11, 11-Initial diagnosis in staff physician's office AND PART of first course treatment was done at the reporting facility
12, 12-Initial diagnosis in staff physician's office AND ALL first course treatment or a decision not to treat was done at the reporting facility
13, 13-Initial diagnosis at the reporting facility AND PART of first course treatment was done at the reporting facility
14, 14-Initial diagnosis at the reporting facility AND ALL first course treatment or a decision not to treat was done at the reporting facility
20, 20-Initial diagnosis elsewhere AND PART OR ALL of first course treatment was done at the reporting facility* NOS
21, 21-Initial diagnosis elsewhere AND PART of treatment was done at the reporting facility
22, 22-Initial diagnosis elsewhere AND ALL first course treatment was done at the reporting facility
30, 30-Initial diagnosis and all first course treatment elsewhere AND reporting facility participated in DIAGNOSTIC WORKUP (for example* consult only* staging workup after initial diagnosis elsewhere)
31, 31-Initial diagnosis and all first course treatment elsewhere AND reporting facility provided IN-TRANSIT care
32, 32-Diagnosis AND all first course treatment provided elsewhere AND patient presents at reporting facility with disease RECURRENCE OR PERSISTENCE
33, 33-Diagnosis AND all first course treatment provided elsewhere AND patient presents at reporting facility with disease HISTORY ONLY
34, 34-Type of case not required by CoC to be accessioned (for example* a benign colon tumor) AND initial diagnosis AND part or all of first course treatment by reporting facility
35, 35-Case diagnosed before program's Reference Date AND initial diagnosis AND PART OR ALL of first course treatment by reporting facility
36, 36-Type of case not required by CoC to be accessioned (for example* a benign colon tumor) AND initial diagnosis elsewhere AND part of all of first course treatment by reporting facility
37, 37-Case diagnosed before program's Reference Date AND initial diagnosis elsewhere AND all or part of first course treatment by reporting facility
38, 38-Initial diagnosis established by AUTOPSY at the reporting facility* cancer not suspected prior to death
40, 40-Diagnosis AND all first course treatment given at the same staff physician's office
41, 41-Diagnosis and all first course treatment given in two or more different staff physician offices
42, 42-Non-staff physician or non-CoC accredited clinic or other facility* not part of reporting facility* accessioned by reporting facility for diagnosis and/or treatment by that entity (for example* hospital abstracts cases from an independent radiation facility)
43, 43-PATHOLOGY or other lab specimens ONLY
49, 49-DEATH CERTIFICATE ONLY
99, 99-Nonanalytic case of unknown relationship to facility (not for use by CoC accredited cancer programs for analytic cases.); UNKNOWN",Class of case source: registry,,,,,,,,,
v44_1750_date_of_last_contact,registry,,text,1750 date of last contact,,Date of last contact source: registry,date_ymd,,,y,,,,,
v48_1750_date_of_last_contact,registry,,text,1750 date of last contact,,source: registry DUPLICATE,date_ymd,,,y,,,,,
v50_1861_recurrence_date_1st_flag,registry,,dropdown,1861 Recurrence date - 1st flag,"10, 10-No information whatsoever can be inferred from this exceptional value (e.g* unknown if the patient had a first recurrence)
11, 11-No proper value is applicable in this context (e.g.* patient became disease-free after treatment; never had a recurrence; or patient was never disease-free; autopsy only case)
12, 12-A proper value is appicable but not known (i.e.* there was a recurrence* but the date is unknown)","This flag explains why no appropriate value is in the field, Recurrence Date--1st [1860]. source: registry",,,,,,,,,
v128_2085_date_case_initiated_,registry,,text,2085 Date Case Initiated ,,source: registry,date_ymd,,,y,,,,,
v129_2090_date_case_completed_,registry,,text,2090 Date Case Completed ,,source: registry,date_ymd,,,y,,,,,
v130_2092_date_case_completedcoc_,registry,,text,2092 Date Case Completed--CoC ,,source: registry,date_ymd,,,y,,,,,
v131_2100_date_case_last_changed_,registry,,text,2100 Date Case Last Changed ,,source: registry,date_ymd,,,y,,,,,
v132_2110_date_case_report_exported_,registry,,text,2110 Date Case Report Exported ,,source: registry,date_ymd,,,y,,,,,
v133_2111_date_case_report_received_,registry,,text,2111 Date Case Report Received ,,source: registry,date_ymd,,,y,,,,,
v134_0540_reporting_facility,registry,,text,0540 Reporting Facility,,source: registry,integer,,,,,,,,
v135_0545_npireporting_facility,registry,,text,0545 NPI--Reporting Facility,,source: registry,integer,,,,,,,,
v20_0490_diagnostic_confirmation,test,,dropdown,0490 Diagnostic Confirmation,"1, 1-Positive histology
2, 2-Positive cytology
3, 3-Positive histology PLUS - positive immunophenotyping AND/OR positive genetic studies (Used only for hematopoietic and lymphoid neoplasms M-9590/3-9992/3)
4, 4-Positive microscopic confirmation* method not specified
5, 5-Positive laboratory test/marker study
6, 6-Direct visualization without microscopic confirmation
7, 7-Radiography and/or other imaging techniques without microscopic confirmation
8, 8-Clinical diagnosis only (other than 5* 6* or 7)
9, 9-Unknown whether or not microscopically confirmed; death certificate only",Method of diagnostic confirmation source: registry,,,,,,,,,
v51_670_rx_hospsurg_prim_site,treatment,,text,670 RX HOSP--SURG PRIM SITE,,Describes surgical procedures used to treat the primary site of the reportable tumor.  source: registry http://seer.cancer.gov/archive/manuals/2011/Surgery_Codes_Breast_09272011.pdf,,,,,,,,,
v54_668_rx_hospsurg_app_2010,treatment,,dropdown,668 RX HOSP--SURG APP 2010,"0, 0-No surgical procedure of primary site at this facility. Diagnosed at autopsy.
1, 1-Robotic assisted.
2, 2-Robotic converted to open.
3, 3-Endoscopic or laparoscopic.
4, 4-Endoscopic or laparoscopic converted to open.
5, 5-Open. Approach not specified.
9, 9-Unknown whether surgery was performed; Patient record does not state whether a surgical procedure of the primary site was performed and no information is available. Death certificate only.","This item is used to describe the method of surgical approach used for patients undergoing surgery of the primary site at the reporting facility. If the patient has multiple surgeries to the primary site, this item describes the approach used for the most invasive, definitive surgery source: registry",,,,,,,,,
v55_670_rx_hospsurg_prim_site,treatment,,text,670 RX HOSP--SURG PRIM SITE,,Describes surgical procedures used to treat the primary site of the reportable tumor. This item records that portion of the first course of treatment given at the reporting facility. source: registry,integer,00,99,,,,,,
v56_672_rx_hospscope_reg_ln_sur,treatment,,dropdown,672 RX HOSP--SCOPE REG LN SUR,"0, 0-No regional lymph nodes removed. No lymph nodes found in the pathologic specimen. Diagnosed at autopsy.
1, 1-Biopsy or aspiration of regional lymph node* NOS.
2, 2-Sentinel lymph node biopsy.
3, 3-Regional lymph node(s) removed and the number of nodes removed is unknown or not stated; the procedure is not specified as sentinel node biopsy. Regional lymph nodes removed* NOS.
4, 4-1 to 3 regional lymph nodes removed.
5, 5-4 or more regional lymph nodes removed.
6, 6-Sentinel node biopsy and code 3* 4* or 5 at same time or timing not stated.
7, 7-Sentinel node biopsy and code 3* 4* or 5 at different times.
9, 9-Unknown or not applicable. It is unknown whether regional lymph node surgery was performed. Death certificate only case; unknown or ill-defined primary site; hematopoietic* reticuloendothelial* ummunoproliferative or myeloproliferative disease.","Describes the removal, biopsy, or aspiration of regional lymph node(s) performed at the reporting facility for diagnosis and/or staging or as a part of the first course of therapy. source: registry",,,,,,,,,
v57_674_rx_hospsurg_oth_regdis,treatment,,dropdown,674 RX HOSP--SURG OTH REG/DIS,"0, 0-None; no non-primary site resection was performed. Diagnosed at autopsy.
1, 1-Non-primary surgical procedure performed* unknown if whether site is regional or distant.
2, 2-Non-primary surgical procedure to other regional sites
3, 3-Non-primary surgical procedure to distant lymph node(s).
4, 4-Non-primary surgical procedure to distant site.
5, 5-Any combination of codes 2* 3* or 4.
9, 9-Unknown; it is unknown whether any surgical procedure of a non-primary site was performed. Death certificate only.",Records the surgical removal of distant lymph nodes or other tissue(s)/organ(s) beyond the primary site performed at this facility as a part of first course of treatment source: registry,,,,,,,,,
v58_676_rx_hospreg_ln_removed,treatment,,text,676 RX HOSP--REG LN REMOVED,,Describes number of regional lymph nodes removed at the reporting facility as part of the first course of treatment source: registry,integer,00,99,,,,,,
v59_690_rx_hospradiation,treatment,,dropdown,690 RX HOSP--RADIATION,"0, 0-None
1, 1-Beam radiation
2, 2-Radioactive implants
3, 3-Radioisotopes
4, 4-Combination of 1 with 2 or 3
5, 5-Radiation* NOS—method or source not specified
9, 9-Unknown if radiation therapy administered",Defines the type of radiation therapy the patient received at the reporting facility as a part of the first course of treatment. source: registry,,,,,,,,,
v60_700_rx_hospchemo,treatment,,dropdown,700 RX HOSP--CHEMO,"00, 00-None* chemotherapy was not part of the first course of therapy or there was progression of disease prior to administration; Not customary therapy for this cancer. Diagnosed at autopsy.
01, 01-Chemotherapy was administered* but type and number of agents is not documented in patient record.
02, 02-Chemotherapy* single agent.
03, 03-Chemotherapy* multiple agents.
82, 82-Chemotherapy was not recommended/administered because it was contraindicated due to patient risk factors (comorbid conditions* advanced age) or there was progression of disease prior to planned administration.
85, 85-Chemotherapy was not administered because the patient died prior to planned or recommended therapy.
86, 86-Chemotherapy was recommended by the patient's physician* but was not administered as part of first-course therapy. No reason was stated in the patient record.
87, 87-Chemotherapy was not administered; it was recommended by the patient's physician* but this treatment was refused by the patient* the patient's family member* or the patient's guardian. The refusal was noted in the patient record.
88, 88-Chemotherapy was recommended* but it is unknown if it was administered.
99, 99-It is unknown whether chemotherapy was recommended or administered because it is not stated in patient record. Death certificate-only case",Records the type of chemotherapy administered at the reporting facility as a part of first course therapy or the reason chemotherapy was not given. source: registry,,,,,,,,,
v61_710_rx_hosphormone,treatment,,dropdown,710 RX HOSP--HORMONE,"00, 00-None* hormone therapy was not part of the planned first course of therapy. Diagnosed at autopsy.
01, 01-Hormone therapy was administered as first course therapy.
82, 82-Hormone therapy was not recommended/administered because it was contraindicated due to patient risk factors (comorbid conditions* advanced age) or there was progression of disease prior to administration.
85, 85-Hormone therapy was not administered because the patient died prior to planned or recommended therapy.
86, 86-Hormone therapy was not administered. It was recommended by the patient's physician* but was not administered as part of first-course therapy. No reason was stated in the patient record.
87, 87-Hormone therapy was not administered. It was recommended by the patient's physician* but was refused by the patient* or the patient's family member or guardian. The refusal was noted in the patient record.
88, 88-Hormone therapy was recommended* but it is unknown if it was administered.
99, 99-It is unknown whether hormone therapy was recommended or administered because it is not stated in the patient record; death certificate-only cases.",Records whether systemic hormonal agents were administered as first-course treatment at this facility or the reason they were not given. Hormone therapy consists of a group of drugs that may affect the long-term control of a cancer’s growth. It is not usually used as a curative measure. source: registry,,,,,,,,,
v62_720_rx_hospbrm,treatment,,dropdown,720 RX HOSP--BRM,"00, 00-None* immunotherapy was not part of the planned first course of therapy; not customary therapy for this cancer. Diagnosed at autopsy.
01, 01-Immunotherapy administered as first course therapy.
82, 82-Immunotherapy was not recommended/administered because it was contraindicated due to patient risk factors (comorbid conditions* advanced age* etc.) or there was progression of disease prior to administration.
85, 85-Immunotherapy was not administered because the patient died prior to planned or recommended therapy.
86, 86-Immunotherapy was not administered. It was recommended by the patient's physician but was not administered as part of the first-course of therapy. No reason was noted in the patient record.
87, 87-Immunotherapy was not administered. It was recommended by the patient's physician but was refused by the patient or the patient's family or guardian. The refusal was noted in the patient record.
88, 88-Immunotherapy was recommended* but it is unknown if it was administered.
99, 99-It is unknown if immunotherapy was recommended or administered because it was not stated in the patient record. Death certificate-only case.",Records whether immunotherapeutic agents (biologic response modifiers) were administered as first-course treatment at this facility or the reason they were not given. Immunotherapy consists of biological or chemical agents that alter the immune system or change the host’s response to tumor cells. source: registry,,,,,,,,,
v63_730_rx_hospother,treatment,,dropdown,730 RX HOSP--OTHER,"0, 0-None; all cancer treatment was coded in other treatment fields. Patient received no cancer treatment. Diagnosed at autopsy.
1, 1-Cancer treatment that cannot be assigned to specified treatment data items.
2, 2-Other-Experimental; this code is not defined. It may be used to record participation in institution-based clinical trials.
3, 3-Patient is involved in a double-blind clinical trial. Code the treatment actually administered when the double-blind trial code is broken.
6, 6-Other unproven; Cancer treatments administered by nonmedical personnel.
7, 7-Refusal; other treatment was not administered. Treatment listed in code 1* 2 or 3 was recommended by the patient's physician but was refused by the patient or the patient's family or guardian. The refusal was noted in the patient record.
8, 8-Recommended* unknown if administered; other treatment was recommended* but it is unknown whether it was administered.
9, 9-It is unknown whether other treatment was recommended or administered because it is not stated in the patient record. Death certificate only case.","Identifies treatment given at this facility that cannot be defined as surgery, radiation, or systemic therapy according to the defined data items in this manual. source: registry",,,,,,,,,
v64_740_rx_hospdxstg_proc,treatment,,dropdown,740 RX HOSP--DX/STG PROC,"00, 00-No surgical diagnostic or staging procedure was performed.
01, 01-A biopsy (incisional* needle* or aspiration) was done to a site other than the primary site. No exploratory procedure was done.
02, 02-A biopsy (incisional* needle* or aspiration) was done of the primary site or biopsy of a lymph node was done to diagnose or stage lymphoma.
03, 03-A surgical exploration only. The patient was not biopsied or treated during the procedure.
04, 04-A surgical procedure with a bypass was performed* but no biopsy was done.
05, 05-An exploratory procedure was performed* and a biopsy of either the primary site or another site was done.
06, 06-A bypass procedure was performed* and a biopsy of either the primary site or another site was done.
07, 07-A procedure was done* but the type of procedure is unknown.
09, 09-No information about whether a diagnostic or staging procedure was performed.",Identifies the surgical procedure(s) performed in an effort to diagnose and/or stage disease at this facility. source: registry,,,,,,,,,
v65_746_rx_hospsurg_site_9802,treatment,,text,746 RX HOSP--SURG SITE 98-02,,Describes surgical procedures used to treat the primary site of the reportable tumor. This item records that portion of the first course of treatment given at the reporting facility. source: registry,integer,00,99,,,,,,
v66_747_rx_hospscope_reg_9802,treatment,,dropdown,747 RX HOSP--SCOPE REG 98-02,"0, 0-0
1, 1-1
3, 3-3
9, 9-9","Describes the removal, biopsy, or aspiration of regional lymph node(s) at the time of surgery of the primary site or during a separate surgical event at the reporting facility. source: registry See the CoC ROADS Manual 1998 Supplement and the SEER Program Code Manual for site-specific codes.",,,,,,,,,
v67_748_rx_hospsurg_oth_9802,treatment,,dropdown,748 RX HOSP--SURG OTH 98-02,"0, 0-0
1, 1-1
2, 2-2
3, 3-3
4, 4-4
5, 5-5
6, 6-6
9, 9-9",Records the surgical removal of distant lymph nodes or other tissue(s)/organ(s) beyond the primary site at this facility. This field is to be used for ROADS codes after the ROADS to FORDS conversion. source: registry See the CoC ROADS Manual 1998 Supplement and the SEER Program Code Manual for site-specific codes,,,,,,,,,
v68_3280_rx_hosppalliative_proc,treatment,,dropdown,3280 RX HOSP--PALLIATIVE PROC,"0, 0-No palliative care provided. Diagnosed at autopsy
1, 1-Surgery (which may involve a bypass procedure) performed to alleviate symptoms* but no attempt to diagnose* stage* or treat the tumor is made.
2, 2-Radiation therapy given to alleviate symptoms* but no attempt to produce cure is made.
3, 3-Chemotherapy* hormone therapy* or other systemic drugs given to alleviate symptoms without curative intent.
4, 4-Patient received or was referred for pain management only.
5, 5-Any combination of codes 1* 2* and/or 3 without code 4.
6, 6-Any combination of codes 1* 2* and/or 3 with code 4.
7, 7-Palliative care was performed or recommended* but no information on the type of procedure is available in the patient record.
9, 9-Unknown if palliative care was performed or recommended. Not stated in patient record.","Identifies care provided at the reporting facility in an effort to palliate or alleviate symptoms. Palliative procedures may include surgery, radiation therapy, systemic therapy (chemotherapy, hormone therapy, or other systemic drugs), and/or pain management. source: registry",,,,,,,,,
v69_1285_rx_summtreatment_status,treatment,,dropdown,1285 RX SUMM--TREATMENT STATUS,"0, 0-No treatment given
1, 1-Treatment given
2, 2-Active surveillance (watchful waiting)
9, 9-Unknown if treatment was given",This data item is a summary of the status for all treatment modalities. source: registry,,,,,,,,,
v70_1290_rx_summsurg_prim_site,treatment,,text,1290 RX Summ--Surg Prim Site,,Site-specific codes for the type of surgery to the primary site performed as part of the first course of treatment. This includes treatment given at all facilities as part of the first course of treatment. source: registry,integer,00,99,,,,,,
v71_1292_rx_summscope_reg_ln_sur,treatment,,dropdown,1292 RX Summ--Scope Reg LN Sur,"0, 0-None
1, 1-Biopsy or aspiration of regional lymph node* NOS
2, 2-Sentinel lymph node biopsy
3, 3-Number of regional lymph nodes removed unknown* not stated; regional lymph nodes removed* NOS
4, 4-1 to 3 regional lymph nodes removed
5, 5-4 or more regional lymph nodes removed
6, 6-Sentinel node biopsy and code 3* 4* or 5 at same time or timing not noted
7, 7-Sentinel node biopsy and code 3* 4* or 5 at different times
9, 9-Unknown or not applicable","Describes the removal, biopsy or aspiration of regional lymph node(s) at the time of surgery of the primary site or during a separate surgical event at all facilities. source: registry",,,,,,,,,
v72_1294_rx_summsurg_oth_regdis,treatment,,dropdown,1294 RX Summ--Surg Oth Reg/Dis,"0, 0-None; diagnosed at autopsy
1, 1-Non-primary surgical procedure performed
2, 2-Non-primary surgical procedure to other regional sites
3, 3-Non-primary surgical procedure to distant lymph node(s)
4, 4-Non-primary surgical procedure to distant site
5, 5-Any combination of codes 2* 3* or 4
9, 9-Unknown; death certificate only",Records the surgical removal of distant lymph nodes or other tissue(s)/organ(s) beyond the primary site. source: registry,,,,,,,,,
v73_1296_rx_summreg_ln_examined,treatment,,text,1296 RX Summ--Reg LN Examined,,Codes for the number of regional lymph nodes examined in conjunction with surgery performed as part of the first-course treatment. source: registry,integer,00,99,,,,,,
v74_1310_rx_summsurgical_approch,treatment,,text,1310 RX Summ--Surgical Approch,,"Codes for method used to approach the surgical field for the primary site. source: registry See the CoC ROADS Manual, 1998 Supplement, for site-specific codes",integer,0,9,,,,,,
v75_1320_rx_summsurgical_margins,treatment,,dropdown,1320 RX Summ--Surgical Margins,"0, 0-No residual tumor
1, 1-Residual tumor* NOS
2, 2-Microscopic residual tumor
3, 3-Macroscopic residual tumor
7, 7-Margins not evaluable
8, 8-No primary site surgery
9, 9-Unknown or not applicable",Codes describe the final status of surgical margins after resection of the primary tumor. source: registry,,,,,,,,,
v76_1330_rx_summreconstruct_1st,treatment,,text,1330 RX Summ--Reconstruct 1st,,"Codes for surgical procedures done to reconstruct, restore, or improve the shape and appearance or function of body structures that are missing, defective, damaged, or misshapen by cancer or therapies. Reconstructive/restorative procedures are coded here when started during the first course of therapy. source: registry CoC ROADS Manual 1998 Supplement",,,,,,,,,
v77_1340_reason_for_no_surgery,treatment,,dropdown,1340 Reason for No Surgery,"0, 0-Surgery of the primary site was performed.
1, 1-Surgery of the primary site was not performed because it was not part of the planned first-course treatment.
2, 2-Surgery of the primary site was not recommended/performed because it was contraindicated due to patient risk factors (comorbid conditions* advanced age* etc.).
5, 5-Surgery of the primary site was not performed because the patient died prior to planned or recommended surgery.
6, 6-Surgery of the primary site was not performed; it was recommended by the patient's physician* but was not performed as part of the first-course therapy. No reason was noted in the patient's record.
7, 7-Surgery of the primary site was not performed; it was recommended by the patient's physician* but this treatment was refused by the patient* the patient's family member* or the patient's guardian. The refusal was noted in the patient record.
8, 8-Surgery of the primary site was recommended* but it is unknown if it was performed. Further follow-up is recommended.
9, 9-It is unknown if surgery of the primary site was recommended or performed. Death certificate-only cases and autopsy-only cases.",Records the reason that no surgery was performed on the primary site. source: registry,,,,,,,,,
v78_1350_rx_summdxstg_proc,treatment,,dropdown,1350 RX Summ--DX/Stg Proc,"00, 00-No surgical diagnostic or staging procedure was performed.
01, 01-A biopsy (incisional* needle* or aspiration) was done to a site other than the primary site. No exploratory procedure was done.
02, 02-A biopsy (incisional* needle* or aspiration) was done of the primary site.
03, 03-A surgical exploratory only. The patient was not biopsied or treated.
04, 04-A surgical procedure with a bypass was performed* but no biopsy was done.
05, 05-An exploratory procedure was performed* and a biopsy of either the primary site or another site was done.
06, 06-A bypass procedure was performed* and a biopsy of either the primary site or another site was done.
07, 07-A procedure was done* but the type of procedure is unknown.
09, 09-No information about whether a diagnostic or staging procedure was performed.",Identifies the surgical procedure(s) performed in an effort to diagnose and/or stage disease. source: registry,,,,,,,,,
v79_1360_rx_summradiation,treatment,,dropdown,1360 RX Summ--Radiation,"0, 0-None
1, 1-Beam radiation
2, 2-Radioactive implants
3, 3-Radioisotopes
4, 4-Combination of 1 with 2 or 3
5, 5-Radiation* NOS-method or source not specified
6, 6-Currently allowable for historic cases only; see note below
7, 7-Patient or patient's guardian refused*
8, 8-Radiation recommended* unknown if administered*
9, 9-Unknown if radiation administered",Codes for the type of radiation therapy performed as part of the first course of treatment. source: registry,,,,,,,,,
v80_1370_rx_summrad_to_cns,treatment,,dropdown,1370 RX Summ--Rad to CNS,"0, 0-No radiation to the brain and/or central nervous system
1, 1-Radiation
7, 7-Patient or patient's guardian refused
8, 8-Radiation recommended* unknown if administered
9, 9-Unknown","For lung and leukemia cases only, codes for radiation given to the brain or central nervous system. Includes treatment given at all facilities as part of the first course. source: registry",,,,,,,,,
v81_1380_rx_summsurgrad_seq,treatment,,dropdown,1380 RX Summ--Surg/Rad Seq,"0, 0-No radiation and/or no surgery; unknown if surgery and/or radiation given
2, 2-Radiation before surgery
3, 3-Radiation after surgery
4, 4-Radiation both before and after surgery
5, 5-Intraoperative radiation
6, 6-Intraoperative radiation with other radiation given before and/or after surgery
7, 7-Surgery both before and after radiation
9, 9-Sequence unknown* but both surgery and radiation were given",Codes for the sequencing of radiation and surgery given as part of the first course of treatment. source: registry,,,,,,,,,
v82_1390_rx_summchemo,treatment,,dropdown,1390 RX Summ--Chemo,"00, 00-None* chemotherapy was not part of the planned first course of therapy.
01, 01-Chemotherapy* NOS.
02, 02-Chemotherapy* single agent.
03, 03-Chemotherapy* multiple agents.
82, 82-Chemotherapy was not recommended/administered because it was contraindicated due to patient risk factors (i.e.* comorbid conditions* advanced age).
85, 85-Chemotherapy was not administered because the patient died prior to planned or recommended therapy.
86, 86-Chemotherapy was not administered. It was recommended by the patient's physician* but was not administered as part of first-course therapy. No reason was stated in the patient record.
87, 87-Chemotherapy was not administered; it was recommended by the patient's physician* but this treatment was refused by the patient* the patient's family member* or the patient's guardian. The refusal was noted in the patient record.
88, 88-Chemotherapy was recommended* but it is unknown if it was administered.
99, 99-It is unknown whether a chemotherapeutic agent(s) was recommended or administered because it is not stated in patient record; death certificate-only cases.",Codes for chemotherapy given as part of the first course of treatment or the reason chemotherapy was not given. Includes treatment given at all facilities as part of the first course. source: registry,,,,,,,,,
v83_1400_rx_summhormone,treatment,,dropdown,1400 RX Summ--Hormone,"00, 00-None* hormone therapy was not part of the planned first course of therapy.
01, 01-Hormone therapy administered as first course therapy.
82, 82-Hormone therapy was not recommended/administered because it was contraindicated due to patient risk factors (i.e.* comorbid conditions* advanced age).
85, 85-Hormone therapy was not administered because the patient died prior to planned or recommended therapy.
86, 86-Hormone therapy was not administered. It was recommended by the patient's physician* but was not administered as part of first-course therapy. No reason was stated in the patient record.
87, 87-Hormone therapy was not administered. It was recommended by the patient's physician* but this treatment was refused by the patient* the patient's family member* or the patient's guardian. The refusal was noted in the patient record.
88, 88-Hormone therapy was recommended* but it is unknown if it was administered.
99, 99-It is unknown whether a hormonal agent(s) was recommended or administered because it is not stated in the patient record. Death certificate-only cases.","Records whether systemic hormonal agents were administered as first-course treatment at any facility, or the reason they were not given. Hormone therapy consists of a group of drugs that may affect the long-term control of a cancer’s growth. It is not usually used as a curative measure. source: registry",,,,,,,,,
v84_1410_rx_summbrm,treatment,,dropdown,1410 RX Summ--BRM,"00, 00-None* immunotherapy was not part of the planned first course of therapy.
01, 01-Immunotherapy administered as first course therapy.
82, 82-Immunotherapy was not recommended/administered because it was contraindicated due to patient risk factors (i.e.* comorbid conditions* advanced age).
85, 85-Immunotherapy was not administered because the patient died prior to planned or recommended therapy.
86, 86-Immunotherapy was not administered. It was recommended by the patient's physician* but was not administered as part of first-course therapy. No reason was stated in the patient record.
87, 87-Immunotherapy was not administered. It was recommended by the patient's physician* but this treatment was refused by the patient* the patient's family member* or the patient's guardian. The refusal was noted in the patient record.
88, 88-Immunotherapy was recommended* but it is unknown if it was administered.
99, 99-It is unknown whether an immunotherapeutic agent(s) was recommended or administered because it is not stated in patient record; death certificate-only cases.",Records whether immunotherapeutic (biologic response modifiers) agents were administered as first-course treatment at all facilities or the reason they were not given. Immunotherapy consists of biological or chemical agents that alter the immune system or change the host’s response to tumor cells. source: registry,,,,,,,,,
v85_1420_rx_summother,treatment,,dropdown,1420 RX Summ--Other,"0, 0-None
1, 1-Other
2, 2-Other Experimental
3, 3-Other-Double Blind
6, 6-Other-Unproven
7, 7-Refusal
8, 8-Recommended
9, 9-Unknown; unknown if administered","Identifies other treatment given at all facilities that cannot be defined as surgery, radiation, or systemic therapy according to the defined data items in this manual. source: registry",,,,,,,,,
v86_1430_reason_for_no_radiation,treatment,,dropdown,1430 Reason for No Radiation,"0, 0-Radiation therapy was administered.
1, 1-Radiation therapy was not administered because it was not part of the planned first-course treatment. Diagnosed at autopsy.
2, 2-Radiation therapy was not administered because it was contraindicated due to patient risk factors (comorbid conditions* advanced age* etc).
5, 5-Radiation therapy was not administered because the patient died prior to planned or recommended treatment.
6, 6-Radiation therapy was not administered; it was recommended by the patient's physician* but was not administered as part of the first-course therapy. No reason was noted in the patient's record.
7, 7-Radiation therapy was not administered; it was recommended by the patient's physician* but this treatment was refused by the patient* the patient's family member* or the patient's guardian. The refusal was noted in the patient record.
8, 8-Radiation therapy was recommended* but it is unknown if it was administered.
9, 9-It is unknown if radiation therapy was recommended or administered. Death-certificate-only.",Code the reason the patient did not receive radiation treatment as part of first course of therapy. source: registry,,,,,,,,,
v87_1639_rx_summsystemicsur_seq,treatment,,dropdown,1639 RX Summ--Systemic/Sur Seq,"0, 0-No systemic therapy and/or surgical procedures; unknown if surgery and/or systemic therapy given
2, 2-Systemic therapy before surgery
3, 3-Systemic therapy after surgery
4, 4-Systemic therapy both before and after surgery
5, 5-Intraoperative systemic therapy
6, 6-Intraoperative systemic therapy with other therapy administered before and/or after surgery
7, 7-Surgery both before and after systemic therapy
9, 9-Sequence unknown* but both surgery and systemic therapy given",Records the sequencing of systemic therapy source: registry,,,,,,,,,
v88_1640_rx_summsurgery_type,treatment,,text,1640 RX Summ--Surgery Type,,Field for pre-1996 surgery codes for CoC and pre-1998 surgery codes for SEER.  source: registry,,,,,,,,,
v89_1646_rx_summsurg_site_9802,treatment,,dropdown,1646 RX Summ--Surg Site 98-02,"00, 00-No primary site surgery performed
99, 99-Unknown if primary site surgery performed
xx, xx-site specific codes",Site-specific codes for the type of surgery to the primary site performed as part of the first course of treatment. source: registry,,,,,,,,,
v90_1647_rx_summscope_reg_9802,treatment,,text,1647 RX Summ--Scope Reg 98-02,,"Describes the removal, biopsy or aspiration of regional lymph node(s) at the time of surgery of the primary site or during a separate surgical event at all facilities. source: registry",,,,,,,,,
v91_1648_rx_summsurg_oth_9802,treatment,,text,1648 RX Summ--Surg Oth 98-02,,Records the surgical removal of distant lymph nodes or other tissue(s)/organ(s) beyond the primary site given at all facilities as part of the first course of treatment. source: registry,,,,,,,,,
v92_3250_rx_summtransplntendocr,treatment,,dropdown,3250 RX Summ--Transplnt/Endocr,"00, 00-No transplant procedure or endocrine therapy was administered as part of first course therapy; diagnosed at autopsy
10, 10-Bone marrow transplant procedure was administered* but the type was not specified.
11, 11-Bone marrow transplant-autologous
12, 12-Bone marrow transplant-allogeneic
20, 20-Stem cell harvest and infusion
30, 30-Endocrine surgery and/or endocrine radiation therapy.
40, 40-Combination of endocrine surgery and/or radiation with a transplant procedure. (combination of codes 30 and 10* 11* 12 or 20).
82, 82-Hematologic transplant and/or endocrine surgery/radiation was not recommended/administered because it was contraindicated due to patient risk factors (i.e.* comorbid conditions* advanced age).
85, 85-Hematologic transplant and/or endocrine surgery/radiation was not administered because the patient died prior to planned or recommended therapy.
86, 86-Hematologic transplant and/or endocrine surgery/radiation was not administered. It was recommended by the patient's physician* but was not administered as part of first-course therapy. No reason was stated in the patient record.
87, 87-Hematologic transplant and/or endocrine surgery/radiation was not administered; it was recommended by the patient's physician* but this treatment was refused by the patient* the patient's family member* or the patient's guardian; refusal noted in patient record
88, 88-Hematologic transplant and/or endocrine surgery/radiation was recommended* but it is unknown if it was administered
99, 99-It is unknown whether hematologic transplant and/or endocrine surgery/radiation was recommended or administered because it is not stated in patient record; death certificate-only cases","Identifies systemic therapeutic procedures administered as part of the first course of treatment at this and all other facilities. If none of these procedures were administered then this item records the reason they were not performed. These include bone marrow transplants, stem cell harvests, surgical and/or radiation endocrine therapy. source: registry",,,,,,,,,
v93_3270_rx_summpalliative_proc,treatment,,dropdown,3270 RX Summ--Palliative Proc,"0, 0-No palliative care provided; diagnosed at autopsy
1, 1-Surgery (which may involve a bypass procedure) to alleviate symptoms* but no attempt to diagnose* stage* or treat the primary tumor is made
2, 2-Radiation therapy to alleviate symptoms* but no attempt to diagnose* stage* or treat the primary tumor is made
3, 3-Chemotherapy* hormone therapy* or other systemic drugs to alleviate symptoms* but no attempt to diagnose* stage* or treat the primary tumor is made
4, 4-Patient received or was referred for pain management therapy with no other palliative care
5, 5-Any combination of codes 1* 2* and/or 3 without code 4
6, 6-Any combination of codes 1* 2* and/or 3 with code 4
7, 7-Palliative care was performed or referred* but no information on the type of procedure is available in the patient record
9, 9-Unknown if palliative care was performed or referred; not stated in patient record",Identifies any care provided in an effort to palliate or alleviate symptoms. P source: registry,,,,,,,,,
v94_1200_rx_date_surgery,treatment,,text,1200 RX DATE SURGERY,,source: registry,date_ymd,,,y,,,,,
v95_1201_flagrx_date_surgery,treatment,,dropdown,1201 FLAG-RX DATE SURGERY,"10, 10-No information whatsoever can be inferred from this exceptional value (e.g.* unknown if any surgical procedure site was performed).
11, 11-No proper value is applicable in this context (e.g.* no surgical procedure was performed; autopsy only case).
12, 12-A proper value is applicable but not known. This event occurred* but the date is unknown (e.g.* surgery was performed but the date is unknown).",Reason for blank fields source: registry,,,,,,,,,
v96_1210_rx_date_radiation,treatment,,text,1210 RX DATE RADIATION,,source: registry,date_ymd,,,y,,,,,
v97_1211_flagrx_date_radiation,treatment,,dropdown,1211 FLAG-RX DATE RADIATION,"10, 10-No information whatsoever can be inferred from this exceptional value (e.g.* unknown whether any radiation therapy administered).
11, 11-No proper value is applicable in this context (e.g.* no radiation therapy administered; autopsy only case).
12, 12-A proper value is applicable but not known. This event occurred* but the date is unknown (e.g.* radiation therapy administered but date is unknown).
15, 15-Information is not available at this time* but it is expected that it will be available later (e.g.* radiation therapy is planned as part of the first course of therapy* but had not been started at the time of the most recent follow-up).",Reason for blank fields source: registry,,,,,,,,,
v98_1220_rx_date_chemo,treatment,,text,1220 RX DATE CHEMO,,source: registry,date_ymd,,,y,,,,,
v99_1221_flagrx_date_chemo,treatment,,dropdown,1221 FLAG-RX DATE CHEMO,"10, 10-No information whatsoever can be inferred from this exceptional value (e.g.* unknown if chemotherapy administered).
11, 11-No proper value is applicable in this context (e.g.* no chemotherapy administered; autopsy only case).
12, 12-A proper value is applicable but not known. This event occurred* but the date is unknown (e.g.* chemotherapy administered but date is unknown).
15, 15-Information is not available at this time* but it is expected that it will be available later (e.g.* chemotherapy is planned as part of the first course of therapy* but had not been started at the time of the most recent follow-up).",Reason for blank fields source: registry,,,,,,,,,
v100_1230_rx_date_hormone,treatment,,text,1230 RX DATE HORMONE,,source: registry,date_ymd,,,y,,,,,
v101_1231_flagrx_date_hormone,treatment,,dropdown,1231 FLAG-RX DATE HORMONE,"10, 10-No information whatsoever can be inferred from this exceptional value (e.g.* unknown if any hormone therapy administered).
11, 11-No proper value is applicable in this context (e.g.* no hormone therapy administered; autopsy only cases).
12, 12-A proper value is applicable but not known. This event occurred* but the date is unknown (e.g.* hormone therapy administered but date is unknown).
15, 15-Information is not available at this time* but it is expected that it will be available later (e.g.* hormone therapy is planned as part of the first course of therapy* but had not been started at the time of the most recent follow-up).",Reason for blank fields source: registry,,,,,,,,,
v102_1240_rx_date_brm,treatment,,text,1240 RX DATE BRM,,source: registry,date_ymd,,,y,,,,,
v103_1241_flagrx_date_brm,treatment,,dropdown,1241 FLAG-RX DATE BRM,"10, 10-No information whatsoever can be inferred from this exceptional value (e.g* unknown if immunotherapy administered).
11, 11-No proper value is applicable in this context (e.g.* no immunotherapy administered; autopsy only case).
12, 12-A proper value is applicable but not known. This event occurred* but the date is unknown (e.g.* immunotherapy administered but date is unknown).
15, 15-Information is not available at this time* but it is expected that it will be available later (e.g.* immune therapy is planned as part of the first course of therapy* but had not been started at the time of the most recent follow-up).",Reason for blank fields source: registry,,,,,,,,,
v104_1250_rx_date_other,treatment,,text,1250 RX DATE OTHER,,source: registry,date_ymd,,,y,,,,,
v105_1251_flagrx_date_other,treatment,,dropdown,1251 FLAG-RX DATE OTHER,"10, 10-No information whatsoever can be inferred from this exceptional value (e.g* unknown if other therapy administered).
11, 11-No proper value is applicable in this context (e.g.* no other treatment administered; autopsy only case).
12, 12-A proper value is applicable but not known. This event occurred* but the date is unknown (e.g.* other therapy administered but the date is unknown).
15, 15-Information is not available at this time* but it is expected that it will be available later (e.g.* other therapy is planned as part of the first course of therapy* but had not been started at the time of the most recent follow-up).",Reason for blank fields source: registry,,,,,,,,,
v106_1280_rx_date_dxstg_proc,treatment,,text,1280 RX DATE DX/STG PROC,,source: registry,date_ymd,,,y,,,,,
v107_1281_flagrx_date_dxstg_proc,treatment,,dropdown,1281 FLAG-RX DATE DX/STG PROC,"10, 10-No information whatsoever can be inferred from this exceptional value (e.g* unknown if any diagnostic or staging procedure performed).
11, 11-No proper value is applicable in this context (e.g.* no diagnostic or staging procedure performed; autopsy only case).
12, 12-A proper value is applicable but not known. This event occurred* but the date is unknown (e.g.* diagnostic or staging procedure performed but date is unknown).",Reason for blank fields source: registry,,,,,,,,,
v108_3170_rx_date_mst_defn_srg,treatment,,text,3170 RX DATE MST DEFN SRG,,source: registry,date_ymd,,,y,,,,,
v109_3171_flagrx_date_mst_defn_srg,treatment,,dropdown,3171 FLAG-RX DATE MST DEFN SRG,"10, 10-No information whatsoever can be inferred from this exceptional value. (e.g* unknown if any surgical procedure of the primary site was performed).
11, 11-No proper value is applicable in this context (e.g.* no surgical resection of the primary site was performed and for cases diagnosed at autopsy).
12, 12-A proper value is applicable but not known. This event occurred* but the date is unknown (e.g.* surgical procedure of the primary site was performed but the date is unknown).",Reason for blank fields source: registry,,,,,,,,,
v110_3180_rx_date_surg_disch,treatment,,text,3180 RX DATE SURG DISCH,,source: registry,date_ymd,,,y,,,,,
v111_3181_flagrx_date_surg_disch,treatment,,dropdown,3181 FLAG-RX DATE SURG DISCH,"10, 10-No information whatsoever can be inferred from this exceptional value (e.g.* unknown whether surgical treatment was performed).
11, 11-No proper value is applicable in this context (e.g.* no surgical treatment of the primary site was performed; autopsy only case).
12, 12-A proper value is applicable but not known. This event occurred* but the date is unknown (e.g.* surgical treatment performed but the date of discharge is unknown).",Reason for blank fields source: registry,,,,,,,,,
v112_3220_rx_date_rad_ended,treatment,,text,3220 RX DATE RAD ENDED,,source: registry,date_ymd,,,y,,,,,
v113_3221_flagrx_date_rad_ended,treatment,,dropdown,3221 FLAG-RX DATE RAD ENDED,"10, 10-No information whatsoever can be inferred from this exceptional value (e.g.* unknown if radiation therapy administered).
11, 11-No proper value is applicable in this context (e.g.* radiation therapy was not administered; diagnosed at autopsy).
12, 12-A proper value is applicable but not known. This event occurred* but the date is unknown (e.g.* date radiation ended is unknown).
15, 15-Information is not available at this time* but it is expected that it will be available later (e.g.* radiation was administered and was ongoing at the time of most recent follow-up).",Reason for blank fields source: registry,,,,,,,,,
v114_3230_rx_date_systemic,treatment,,text,3230 RX DATE SYSTEMIC,,source: registry,date_ymd,,,y,,,,,
v115_3231_flagrx_date_systemic,treatment,,dropdown,3231 FLAG-RX DATE SYSTEMIC,"10, 10-No information whatsoever can be inferred from this exceptional value (e.g.* unknown if systemic therapy was administered).
11, 11-No proper value is applicable in this context (e.g.* no systemic therapy was administered; autopsy only case).
12, 12-A proper value is applicable but not known. This event occurred* but the date is unknown (e.g.* systemic therapy administered but date is unknown).
15, 15-Information is not available at this time* but it is expected that it will be available later (e.g.* systemic therapy is planned as part of the first course of therapy* but had not been started at the time of the most recent follow-up).",Reason for blank fields source: registry,,,,,,,,,
