"c_hlevel","c_basecode","c_name","va_class_code","c_fullname"
"4","RXCUI:1437967","Cyclophosphamide Oral Capsule  [138 facts; 17 patients]","AN100","\i2b2\Medications\RXAUI:3257528\RXAUI:3257529\RXAUI:5496117\"
"4","RXCUI:363194","Thiotepa Injectable Solution ","AN100","\i2b2\Medications\RXAUI:3257528\RXAUI:3257529\RXAUI:2054015\"
"4","RXCUI:370496","Carmustine Injectable Solution  [512 facts; 164 patients]","AN100","\i2b2\Medications\RXAUI:3257528\RXAUI:3257529\RXAUI:1575465\"
"4","RXCUI:371165","Busulfan Oral Tablet  [28 facts]","AN100","\i2b2\Medications\RXAUI:3257528\RXAUI:3257529\RXAUI:1576120\"
"4","RXCUI:371375","Chlorambucil Oral Tablet  [397 facts; 26 patients]","AN100","\i2b2\Medications\RXAUI:3257528\RXAUI:3257529\RXAUI:1576333\"
"4","RXCUI:371664","Cyclophosphamide Oral Tablet  [1,512 facts; 118 patients]","AN100","\i2b2\Medications\RXAUI:3257528\RXAUI:3257529\RXAUI:1576604\"
"4","RXCUI:372631","Lomustine Oral Capsule  [587 facts; 47 patients]","AN100","\i2b2\Medications\RXAUI:3257528\RXAUI:3257529\RXAUI:1939079\"
"4","RXCUI:372755","Melphalan Injectable Solution  [1,152 facts; 321 patients]","AN100","\i2b2\Medications\RXAUI:3257528\RXAUI:3257529\RXAUI:1577687\"
"4","RXCUI:372756","Melphalan Oral Tablet  [162 facts; 13 patients]","AN100","\i2b2\Medications\RXAUI:3257528\RXAUI:3257529\RXAUI:1577688\"
"4","RXCUI:373476","Pipobroman Oral Tablet","AN100","\i2b2\Medications\RXAUI:3257528\RXAUI:3257529\RXAUI:1578415\"
"4","RXCUI:374270","Uracil Mustard Oral Capsule","AN100","\i2b2\Medications\RXAUI:3257528\RXAUI:3257529\RXAUI:1579180\"
"4","RXCUI:374610","temozolomide Oral Capsule  [5,551 facts; 250 patients]","AN100","\i2b2\Medications\RXAUI:3257528\RXAUI:3257529\RXAUI:1579531\"
"4","RXCUI:375319","Thiotepa Injectable Solution  [67 facts; 11 patients]","AN100","\i2b2\Medications\RXAUI:3257528\RXAUI:3257529\RXAUI:1580231\"
"4","RXCUI:376666","Cyclophosphamide Injectable Solution  [9,011 facts; 773 patients]","AN100","\i2b2\Medications\RXAUI:3257528\RXAUI:3257529\RXAUI:1581593\"
"4","RXCUI:377128","Ifosfamide Injectable Solution  [1,499 facts; 93 patients]","AN100","\i2b2\Medications\RXAUI:3257528\RXAUI:3257529\RXAUI:1582039\"
"4","RXCUI:377179","Busulfan Injectable Solution  [2,249 facts; 146 patients]","AN100","\i2b2\Medications\RXAUI:3257528\RXAUI:3257529\RXAUI:1582088\"
"4","RXCUI:377238","Cyclophosphamide / Mannitol Injectable Solution","AN100","\i2b2\Medications\RXAUI:3257528\RXAUI:3257529\RXAUI:1582145\"
"4","RXCUI:378774","Carmustine Drug Implant","AN100","\i2b2\Medications\RXAUI:3257528\RXAUI:3257529\RXAUI:1583658\"
"4","RXCUI:379296","Mechlorethamine Injectable Solution  [30 facts]","AN100","\i2b2\Medications\RXAUI:3257528\RXAUI:3257529\RXAUI:1584168\"
"4","RXCUI:790322","bendamustine Injectable Solution  [1,966 facts; 85 patients]","AN100","\i2b2\Medications\RXAUI:3257528\RXAUI:3257529\RXAUI:2799102\"
"4","RXCUI:835944","temozolomide Injectable Solution  [97 facts]","AN100","\i2b2\Medications\RXAUI:3257528\RXAUI:3257529\RXAUI:2948271\"
"4","RXCUI:1191497","doxorubicin liposome Injectable Solution  [471 facts; 35 patients]","AN200","\i2b2\Medications\RXAUI:3257528\RXAUI:3257530\RXAUI:5027058\"
"4","RXCUI:370499","Streptozocin Injectable Solution","AN200","\i2b2\Medications\RXAUI:3257528\RXAUI:3257530\RXAUI:1575468\"
"4","RXCUI:374376","Doxorubicin Injectable Solution  [26,193 facts; 658 patients]","AN200","\i2b2\Medications\RXAUI:3257528\RXAUI:3257530\RXAUI:1579284\"
"4","RXCUI:375053","Epirubicin Injectable Solution  [273 facts; 29 patients]","AN200","\i2b2\Medications\RXAUI:3257528\RXAUI:3257530\RXAUI:1579974\"
"4","RXCUI:376432","Mitomycin Injectable Solution  [2,910 facts; 330 patients]","AN200","\i2b2\Medications\RXAUI:3257528\RXAUI:3257530\RXAUI:1581348\"
"4","RXCUI:376667","Plicamycin Injectable Solution","AN200","\i2b2\Medications\RXAUI:3257528\RXAUI:3257530\RXAUI:1939359\"
"4","RXCUI:376826","Bleomycin Injectable Solution  [1,569 facts; 61 patients]","AN200","\i2b2\Medications\RXAUI:3257528\RXAUI:3257530\RXAUI:1581746\"
"4","RXCUI:376871","Dactinomycin Injectable Solution  [109 facts]","AN200","\i2b2\Medications\RXAUI:3257528\RXAUI:3257530\RXAUI:1581786\"
"4","RXCUI:377096","Daunorubicin Injectable Solution  [825 facts; 34 patients]","AN200","\i2b2\Medications\RXAUI:3257528\RXAUI:3257530\RXAUI:1582009\"
"4","RXCUI:377145","Idarubicin Injectable Solution  [1,218 facts; 71 patients]","AN200","\i2b2\Medications\RXAUI:3257528\RXAUI:3257530\RXAUI:1582055\"
"4","RXCUI:378383","valrubicin Irrigation Solution","AN200","\i2b2\Medications\RXAUI:3257528\RXAUI:3257530\RXAUI:1583268\"
"4","RXCUI:646829","Daunorubicin Liposomal Injectable Solution","AN200","\i2b2\Medications\RXAUI:3257528\RXAUI:3257530\RXAUI:2595679\"
"4","RXCUI:1536483","mercaptopurine Oral Suspension  [68 facts; 17 patients]","AN300","\i2b2\Medications\RXAUI:3257528\RXAUI:3257531\RXAUI:6335881\"
"4","RXCUI:370657","hydroxyurea Oral Tablet  [14 facts]","AN300","\i2b2\Medications\RXAUI:3257528\RXAUI:3257531\RXAUI:2181122\"
"4","RXCUI:370658","hydroxyurea Oral Capsule  [21,605 facts; 384 patients]","AN300","\i2b2\Medications\RXAUI:3257528\RXAUI:3257531\RXAUI:2181123\"
"4","RXCUI:371250","capecitabine Oral Tablet  [2,087 facts; 243 patients]","AN300","\i2b2\Medications\RXAUI:3257528\RXAUI:3257531\RXAUI:1576213\"
"4","RXCUI:371676","Cytarabine Injectable Solution  [9,496 facts; 388 patients]","AN300","\i2b2\Medications\RXAUI:3257528\RXAUI:3257531\RXAUI:1576614\"
"4","RXCUI:372228","Fluorouracil Injectable Solution  [27,211 facts; 320 patients]","AN300","\i2b2\Medications\RXAUI:3257528\RXAUI:3257531\RXAUI:1577159\"
"4","RXCUI:372782","mercaptopurine Oral Tablet  [11,315 facts; 572 patients]","AN300","\i2b2\Medications\RXAUI:3257528\RXAUI:3257531\RXAUI:3500937\"
"4","RXCUI:372835","Methotrexate Injectable Solution  [13,021 facts; 810 patients]","AN300","\i2b2\Medications\RXAUI:3257528\RXAUI:3257531\RXAUI:1577766\"
"4","RXCUI:372836","Methotrexate Oral Tablet  [25,237 facts; 2,301 patients]","AN300","\i2b2\Medications\RXAUI:3257528\RXAUI:3257531\RXAUI:1577767\"
"4","RXCUI:374104","Thioguanine Oral Tablet  [77 facts; 11 patients]","AN300","\i2b2\Medications\RXAUI:3257528\RXAUI:3257531\RXAUI:1579022\"
"4","RXCUI:376686","fludarabine Injectable Solution  [1,647 facts; 172 patients]","AN300","\i2b2\Medications\RXAUI:3257528\RXAUI:3257531\RXAUI:2061758\"
"4","RXCUI:376908","Floxuridine Injectable Solution","AN300","\i2b2\Medications\RXAUI:3257528\RXAUI:3257531\RXAUI:1581826\"
"4","RXCUI:377175","Cladribine Injectable Solution  [281 facts; 17 patients]","AN300","\i2b2\Medications\RXAUI:3257528\RXAUI:3257531\RXAUI:1582084\"
"4","RXCUI:393413","fludarabine Oral Tablet","AN300","\i2b2\Medications\RXAUI:3257528\RXAUI:3257531\RXAUI:1640939\"
"4","RXCUI:406178","pemetrexed Injectable Solution  [2,071 facts; 129 patients]","AN300","\i2b2\Medications\RXAUI:3257528\RXAUI:3257531\RXAUI:1668897\"
"4","RXCUI:485245","Azacitidine Injectable Suspension  [5,615 facts; 34 patients]","AN300","\i2b2\Medications\RXAUI:3257528\RXAUI:3257531\RXAUI:2075841\"
"4","RXCUI:486418","clofarabine Injectable Solution  [348 facts; 29 patients]","AN300","\i2b2\Medications\RXAUI:3257528\RXAUI:3257531\RXAUI:2078740\"
"4","RXCUI:603565","nelarabine Injectable Solution  [96 facts]","AN300","\i2b2\Medications\RXAUI:3257528\RXAUI:3257531\RXAUI:2467238\"
"4","RXCUI:865178","Pralatrexate Injectable Solution  [40 facts]","AN300","\i2b2\Medications\RXAUI:3257528\RXAUI:3257531\RXAUI:2995513\"
"4","RXCUI:968806","Cytarabine liposome Injectable Suspension  [208 facts]","AN300","\i2b2\Medications\RXAUI:3257528\RXAUI:3257531\RXAUI:3072498\"
"4","RXCUI:372578","Levamisole Oral Tablet","AN400","\i2b2\Medications\RXAUI:3257528\RXAUI:3257532\RXAUI:1577522\"
"4","RXCUI:1100074","abiraterone Oral Tablet  [749 facts; 83 patients]","AN500","\i2b2\Medications\RXAUI:3257528\RXAUI:3257533\RXAUI:3638821\"
"4","RXCUI:370480","Leuprolide Drug Implant ","AN500","\i2b2\Medications\RXAUI:3257528\RXAUI:3257533\RXAUI:2053773\"
"4","RXCUI:372576","Leuprolide Injectable Solution  [82 facts; 15 patients]","AN500","\i2b2\Medications\RXAUI:3257528\RXAUI:3257533\RXAUI:1577520\"
"4","RXCUI:374020","Tamoxifen Oral Tablet  [8,570 facts; 844 patients]","AN500","\i2b2\Medications\RXAUI:3257528\RXAUI:3257533\RXAUI:1578948\"
"4","RXCUI:374049","Testolactone Oral Tablet","AN500","\i2b2\Medications\RXAUI:3257528\RXAUI:3257533\RXAUI:1578973\"
"4","RXCUI:374167","Toremifene Oral Tablet  [35 facts]","AN500","\i2b2\Medications\RXAUI:3257528\RXAUI:3257533\RXAUI:1579084\"
"4","RXCUI:378232","Leuprolide Injectable Suspension","AN500","\i2b2\Medications\RXAUI:3257528\RXAUI:3257533\RXAUI:1583112\"
"4","RXCUI:379232","Triptorelin Injectable Suspension  [18 facts]","AN500","\i2b2\Medications\RXAUI:3257528\RXAUI:3257533\RXAUI:1584107\"
"4","RXCUI:379243","Goserelin Drug Implant  [3,793 facts; 140 patients]","AN500","\i2b2\Medications\RXAUI:3257528\RXAUI:3257533\RXAUI:1939507\"
"4","RXCUI:379298","Leuprolide Drug Implant","AN500","\i2b2\Medications\RXAUI:3257528\RXAUI:3257533\RXAUI:1584171\"
"4","RXCUI:393416","Tamoxifen Oral Solution  [63 facts; 20 patients]","AN500","\i2b2\Medications\RXAUI:3257528\RXAUI:3257533\RXAUI:1640942\"
"4","RXCUI:402339","abarelix Injectable Suspension","AN500","\i2b2\Medications\RXAUI:3257528\RXAUI:3257533\RXAUI:1944472\"
"4","RXCUI:597332","histrelin Drug Implant  [<10 facts]","AN500","\i2b2\Medications\RXAUI:3257528\RXAUI:3257533\RXAUI:2360030\"
"4","RXCUI:727599","Leuprolide Prefilled Syringe  [7,187 facts; 495 patients]","AN500","\i2b2\Medications\RXAUI:3257528\RXAUI:3257533\RXAUI:2719999\"
"4","RXCUI:727602","Leuprolide Prefilled Syringe  [55 facts; 14 patients]","AN500","\i2b2\Medications\RXAUI:3257528\RXAUI:3257533\RXAUI:2720002\"
"4","RXCUI:727760","fulvestrant Prefilled Syringe  [2,444 facts; 53 patients]","AN500","\i2b2\Medications\RXAUI:3257528\RXAUI:3257533\RXAUI:2720139\"
"4","RXCUI:825324","Leuprolide Prefilled Syringe  [<10 facts]","AN500","\i2b2\Medications\RXAUI:3257528\RXAUI:3257533\RXAUI:2931965\"
"4","RXCUI:828748","degarelix Injectable Solution  [542 facts; 28 patients]","AN500","\i2b2\Medications\RXAUI:3257528\RXAUI:3257533\RXAUI:2938165\"
"4","RXCUI:905056","Triptorelin Injectable Suspension ","AN500","\i2b2\Medications\RXAUI:3257528\RXAUI:3257533\RXAUI:3067189\"
"4","RXCUI:376658","Dexrazoxane Injectable Solution  [155 facts; 18 patients]","AN700","\i2b2\Medications\RXAUI:3257528\RXAUI:3257535\RXAUI:1581585\"
"4","RXCUI:377092","Amifostine Injectable Solution","AN700","\i2b2\Medications\RXAUI:3257528\RXAUI:3257535\RXAUI:1582005\"
"4","RXCUI:1045455","eribulin Injectable Solution  [2,218 facts; 30 patients]","AN900","\i2b2\Medications\RXAUI:3257528\RXAUI:3257536\RXAUI:3517716\"
"4","RXCUI:1098415","Vandetanib Oral Tablet  [<10 facts]","AN900","\i2b2\Medications\RXAUI:3257528\RXAUI:3257536\RXAUI:3633915\"
"4","RXCUI:1147222","Vemurafenib Oral Tablet  [322 facts; 28 patients]","AN900","\i2b2\Medications\RXAUI:3257528\RXAUI:3257536\RXAUI:3804243\"
"4","RXCUI:1147322","brentuximab vedotin Injectable Solution  [206 facts; 15 patients]","AN900","\i2b2\Medications\RXAUI:3257528\RXAUI:3257536\RXAUI:3804270\"
"4","RXCUI:1148497","crizotinib Oral Capsule  [239 facts; 15 patients]","AN900","\i2b2\Medications\RXAUI:3257528\RXAUI:3257536\RXAUI:3806023\"
"4","RXCUI:1232153","aflibercept Injectable Solution  [4,149 facts; 144 patients]","AN900","\i2b2\Medications\RXAUI:3257528\RXAUI:3257536\RXAUI:4218154\"
"4","RXCUI:1242991","vismodegib Oral Capsule  [<10 facts]","AN900","\i2b2\Medications\RXAUI:3257528\RXAUI:3257536\RXAUI:4242609\"
"4","RXCUI:1243003","axitinib Oral Tablet  [290 facts; 23 patients]","AN900","\i2b2\Medications\RXAUI:3257528\RXAUI:3257536\RXAUI:4243156\"
"4","RXCUI:1294583","Gemtuzumab ozogamicin Injectable Solution","AN900","\i2b2\Medications\RXAUI:3257528\RXAUI:3257536\RXAUI:4613886\"
"4","RXCUI:1298947","pertuzumab Injectable Solution  [879 facts; 49 patients]","AN900","\i2b2\Medications\RXAUI:3257528\RXAUI:3257536\RXAUI:4622521\"
"4","RXCUI:1302969","carfilzomib Injectable Solution  [1,987 facts; 31 patients]","AN900","\i2b2\Medications\RXAUI:3257528\RXAUI:3257536\RXAUI:4647858\"
"4","RXCUI:1304994","vincristine liposome Injectable Suspension  [123 facts]","AN900","\i2b2\Medications\RXAUI:3257528\RXAUI:3257536\RXAUI:5027059\"
"4","RXCUI:1307302","enzalutamide Oral Capsule  [613 facts; 64 patients]","AN900","\i2b2\Medications\RXAUI:3257528\RXAUI:3257536\RXAUI:4654770\"
"4","RXCUI:1307623","bosutinib Oral Tablet  [82 facts]","AN900","\i2b2\Medications\RXAUI:3257528\RXAUI:3257536\RXAUI:4655397\"
"4","RXCUI:1308427","everolimus Oral Suspension  [12 facts]","AN900","\i2b2\Medications\RXAUI:3257528\RXAUI:3257536\RXAUI:4657348\"
"4","RXCUI:1312401","regorafenib Oral Tablet  [242 facts; 31 patients]","AN900","\i2b2\Medications\RXAUI:3257528\RXAUI:3257536\RXAUI:4663225\"
"4","RXCUI:1356592","omacetaxine mepesuccinate Injectable Solution","AN900","\i2b2\Medications\RXAUI:3257528\RXAUI:3257536\RXAUI:6331777\"
"4","RXCUI:1363272","cabozantinib Oral Capsule","AN900","\i2b2\Medications\RXAUI:3257528\RXAUI:3257536\RXAUI:5041008\"
"4","RXCUI:1364351","ponatinib Oral Tablet  [138 facts]","AN900","\i2b2\Medications\RXAUI:3257528\RXAUI:3257536\RXAUI:5042785\"
"4","RXCUI:1371044","trastuzumab-DM1 conjugate Injectable Solution  [192 facts; 13 patients]","AN900","\i2b2\Medications\RXAUI:3257528\RXAUI:3257536\RXAUI:5073794\"
"4","RXCUI:1424915","dabrafenib Oral Capsule  [54 facts; 10 patients]","AN900","\i2b2\Medications\RXAUI:3257528\RXAUI:3257536\RXAUI:5469277\"
"4","RXCUI:1425103","trametinib Oral Tablet  [107 facts; 10 patients]","AN900","\i2b2\Medications\RXAUI:3257528\RXAUI:3257536\RXAUI:5469535\"
"4","RXCUI:1430445","Afatinib Oral Tablet  [75 facts]","AN900","\i2b2\Medications\RXAUI:3257528\RXAUI:3257536\RXAUI:5484324\"
"4","RXCUI:1442692","obinutuzumab Injectable Solution  [30 facts]","AN900","\i2b2\Medications\RXAUI:3257528\RXAUI:3257536\RXAUI:5911049\"
"4","RXCUI:1442985","Ibrutinib Oral Capsule  [1,003 facts; 77 patients]","AN900","\i2b2\Medications\RXAUI:3257528\RXAUI:3257536\RXAUI:5534148\"
"4","RXCUI:1535461","ceritinib Oral Capsule  [54 facts]","AN900","\i2b2\Medications\RXAUI:3257528\RXAUI:3257536\RXAUI:6797601\"
"4","RXCUI:1535991","ramucirumab Injectable Solution  [148 facts; 11 patients]","AN900","\i2b2\Medications\RXAUI:3257528\RXAUI:3257536\RXAUI:6334737\"
"4","RXCUI:1543546","belinostat Injectable Solution","AN900","\i2b2\Medications\RXAUI:3257528\RXAUI:3257536\RXAUI:6386418\"
"4","RXCUI:1544464","idelalisib Oral Tablet  [90 facts]","AN900","\i2b2\Medications\RXAUI:3257528\RXAUI:3257536\RXAUI:6388919\"
"4","RXCUI:370494","Dihematoporphyrin Ether Injectable Solution  [29 facts]","AN900","\i2b2\Medications\RXAUI:3257528\RXAUI:3257536\RXAUI:1938962\"
"4","RXCUI:370551","Altretamine Oral Capsule","AN900","\i2b2\Medications\RXAUI:3257528\RXAUI:3257536\RXAUI:1938966\"
"4","RXCUI:370588","anastrozole Oral Tablet  [11,388 facts; 974 patients]","AN900","\i2b2\Medications\RXAUI:3257528\RXAUI:3257536\RXAUI:1575552\"
"4","RXCUI:371070","bicalutamide Oral Tablet  [4,132 facts; 455 patients]","AN900","\i2b2\Medications\RXAUI:3257528\RXAUI:3257536\RXAUI:1576029\"
"4","RXCUI:372082","Estramustine Oral Capsule  [<10 facts]","AN900","\i2b2\Medications\RXAUI:3257528\RXAUI:3257536\RXAUI:1577022\"
"4","RXCUI:372132","Etoposide Oral Capsule  [377 facts; 25 patients]","AN900","\i2b2\Medications\RXAUI:3257528\RXAUI:3257536\RXAUI:1577068\"
"4","RXCUI:372251","Flutamide Oral Capsule  [1,410 facts; 38 patients]","AN900","\i2b2\Medications\RXAUI:3257528\RXAUI:3257536\RXAUI:1577182\"
"4","RXCUI:372571","letrozole Oral Tablet  [11,804 facts; 893 patients]","AN900","\i2b2\Medications\RXAUI:3257528\RXAUI:3257536\RXAUI:1577515\"
"4","RXCUI:372942","Mitotane Oral Tablet  [336 facts; 12 patients]","AN900","\i2b2\Medications\RXAUI:3257528\RXAUI:3257536\RXAUI:1577874\"
"4","RXCUI:373082","nilutamide Oral Tablet  [18 facts]","AN900","\i2b2\Medications\RXAUI:3257528\RXAUI:3257536\RXAUI:1578014\"
"4","RXCUI:373250","pegaspargase Injectable Solution  [1,334 facts; 35 patients]","AN900","\i2b2\Medications\RXAUI:3257528\RXAUI:3257536\RXAUI:2181181\"
"4","RXCUI:373602","Procarbazine Oral Capsule  [238 facts; 28 patients]","AN900","\i2b2\Medications\RXAUI:3257528\RXAUI:3257536\RXAUI:1578535\"
"4","RXCUI:374187","Tretinoin Oral Capsule  [1,840 facts; 22 patients]","AN900","\i2b2\Medications\RXAUI:3257528\RXAUI:3257536\RXAUI:1579103\"
"4","RXCUI:375061","exemestane Oral Tablet  [1,663 facts; 205 patients]","AN900","\i2b2\Medications\RXAUI:3257528\RXAUI:3257536\RXAUI:1579981\"
"4","RXCUI:375173","Mitoxantrone Injectable Solution  [414 facts; 46 patients]","AN900","\i2b2\Medications\RXAUI:3257528\RXAUI:3257536\RXAUI:1580087\"
"4","RXCUI:375881","Mitotane Delayed Release Oral Tablet","AN900","\i2b2\Medications\RXAUI:3257528\RXAUI:3257536\RXAUI:6337196\"
"4","RXCUI:376335","imatinib Oral Capsule  [<10 facts]","AN900","\i2b2\Medications\RXAUI:3257528\RXAUI:3257536\RXAUI:1581251\"
"4","RXCUI:376433","Cisplatin Injectable Solution  [5,717 facts; 379 patients]","AN900","\i2b2\Medications\RXAUI:3257528\RXAUI:3257536\RXAUI:1581349\"
"4","RXCUI:376857","Vinblastine Injectable Solution  [4,538 facts; 57 patients]","AN900","\i2b2\Medications\RXAUI:3257528\RXAUI:3257536\RXAUI:1581774\"
"4","RXCUI:376887","gemcitabine Injectable Solution  [8,488 facts; 329 patients]","AN900","\i2b2\Medications\RXAUI:3257528\RXAUI:3257536\RXAUI:1581802\"
"4","RXCUI:376888","docetaxel Injectable Solution  [5,364 facts; 390 patients]","AN900","\i2b2\Medications\RXAUI:3257528\RXAUI:3257536\RXAUI:1581803\"
"4","RXCUI:376889","Topotecan Injectable Solution  [225 facts; 12 patients]","AN900","\i2b2\Medications\RXAUI:3257528\RXAUI:3257536\RXAUI:1581804\"
"4","RXCUI:376890","Etoposide Injectable Solution  [9,855 facts; 473 patients]","AN900","\i2b2\Medications\RXAUI:3257528\RXAUI:3257536\RXAUI:1581805\"
"4","RXCUI:377037","Vincristine Injectable Solution  [6,907 facts; 347 patients]","AN900","\i2b2\Medications\RXAUI:3257528\RXAUI:3257536\RXAUI:1581952\"
"4","RXCUI:377090","Pentostatin Injectable Solution  [<10 facts]","AN900","\i2b2\Medications\RXAUI:3257528\RXAUI:3257536\RXAUI:1582003\"
"4","RXCUI:377111","Paclitaxel Injectable Solution  [7,752 facts; 439 patients]","AN900","\i2b2\Medications\RXAUI:3257528\RXAUI:3257536\RXAUI:1582024\"
"4","RXCUI:377125","vinorelbine Injectable Solution  [360 facts; 26 patients]","AN900","\i2b2\Medications\RXAUI:3257528\RXAUI:3257536\RXAUI:1582036\"
"4","RXCUI:377130","Teniposide Injectable Solution","AN900","\i2b2\Medications\RXAUI:3257528\RXAUI:3257536\RXAUI:1582041\"
"4","RXCUI:377137","irinotecan Injectable Solution  [6,959 facts; 223 patients]","AN900","\i2b2\Medications\RXAUI:3257528\RXAUI:3257536\RXAUI:1582048\"
"4","RXCUI:377180","denileukin diftitox Injectable Solution","AN900","\i2b2\Medications\RXAUI:3257528\RXAUI:3257536\RXAUI:1582089\"
"4","RXCUI:377182","Dacarbazine Injectable Solution  [1,161 facts; 44 patients]","AN900","\i2b2\Medications\RXAUI:3257528\RXAUI:3257536\RXAUI:1582091\"
"4","RXCUI:377209","oxaliplatin Injectable Solution  [6,308 facts; 301 patients]","AN900","\i2b2\Medications\RXAUI:3257528\RXAUI:3257536\RXAUI:1582117\"
"4","RXCUI:377216","trastuzumab Injectable Solution  [4,406 facts; 162 patients]","AN900","\i2b2\Medications\RXAUI:3257528\RXAUI:3257536\RXAUI:1582124\"
"4","RXCUI:377225","arsenic trioxide Injectable Solution  [851 facts]","AN900","\i2b2\Medications\RXAUI:3257528\RXAUI:3257536\RXAUI:1582132\"
"4","RXCUI:377233","ASPARAGINASE Injectable Solution  [35 facts]","AN900","\i2b2\Medications\RXAUI:3257528\RXAUI:3257536\RXAUI:1582140\"
"4","RXCUI:377259","rituximab Injectable Solution  [7,937 facts; 685 patients]","AN900","\i2b2\Medications\RXAUI:3257528\RXAUI:3257536\RXAUI:1582165\"
"4","RXCUI:378079","bexarotene Topical Gel  [12 facts]","AN900","\i2b2\Medications\RXAUI:3257528\RXAUI:3257536\RXAUI:1582965\"
"4","RXCUI:378363","Carboplatin Injectable Solution  [9,154 facts; 653 patients]","AN900","\i2b2\Medications\RXAUI:3257528\RXAUI:3257536\RXAUI:1583240\"
"4","RXCUI:378383","valrubicin Irrigation Solution","AN900","\i2b2\Medications\RXAUI:3257528\RXAUI:3257536\RXAUI:1583268\"
"4","RXCUI:378629","gefitinib Oral Tablet","AN900","\i2b2\Medications\RXAUI:3257528\RXAUI:3257536\RXAUI:1583522\"
"4","RXCUI:378757","alemtuzumab Injectable Solution  [1,034 facts; 92 patients]","AN900","\i2b2\Medications\RXAUI:3257528\RXAUI:3257536\RXAUI:1583641\"
"4","RXCUI:378773","Rasburicase Injectable Solution  [258 facts; 72 patients]","AN900","\i2b2\Medications\RXAUI:3257528\RXAUI:3257536\RXAUI:2181394\"
"4","RXCUI:379069","bexarotene Oral Capsule  [43 facts]","AN900","\i2b2\Medications\RXAUI:3257528\RXAUI:3257536\RXAUI:1583942\"
"4","RXCUI:393595","Erwinia asparaginase Injectable Solution  [102 facts]","AN900","\i2b2\Medications\RXAUI:3257528\RXAUI:3257536\RXAUI:1641291\"
"4","RXCUI:402394","bortezomib Injectable Solution  [632 facts; 68 patients]","AN900","\i2b2\Medications\RXAUI:3257528\RXAUI:3257536\RXAUI:1662203\"
"4","RXCUI:402830","BCG, Live, Montreal Strain Irrigation Solution ","AN900","\i2b2\Medications\RXAUI:3257528\RXAUI:3257536\RXAUI:2060637\"
"4","RXCUI:402922","BCG, Live, Tice Strain Injectable Suspension ","AN900","\i2b2\Medications\RXAUI:3257528\RXAUI:3257536\RXAUI:2054723\"
"4","RXCUI:402924","BCG, Live, Connaught Strain Irrigation Solution ","AN900","\i2b2\Medications\RXAUI:3257528\RXAUI:3257536\RXAUI:2060638\"
"4","RXCUI:406050","imatinib Oral Tablet  [4,523 facts; 151 patients]","AN900","\i2b2\Medications\RXAUI:3257528\RXAUI:3257536\RXAUI:1668773\"
"4","RXCUI:437106","bevacizumab Injectable Solution  [5,560 facts; 339 patients]","AN900","\i2b2\Medications\RXAUI:3257528\RXAUI:3257536\RXAUI:1765741\"
"4","RXCUI:477321","erlotinib Oral Tablet  [991 facts; 67 patients]","AN900","\i2b2\Medications\RXAUI:3257528\RXAUI:3257536\RXAUI:2181542\"
"4","RXCUI:485254","cetuximab Injectable Solution  [1,706 facts; 21 patients]","AN900","\i2b2\Medications\RXAUI:3257528\RXAUI:3257536\RXAUI:2075849\"
"4","RXCUI:486612","Paclitaxel Injectable Suspension  [7,078 facts; 73 patients]","AN900","\i2b2\Medications\RXAUI:3257528\RXAUI:3257536\RXAUI:2078808\"
"4","RXCUI:597746","sorafenib Oral Tablet  [2,046 facts; 111 patients]","AN900","\i2b2\Medications\RXAUI:3257528\RXAUI:3257536\RXAUI:2360135\"
"4","RXCUI:616278","sunitinib Oral Capsule  [1,097 facts; 76 patients]","AN900","\i2b2\Medications\RXAUI:3257528\RXAUI:3257536\RXAUI:2404133\"
"4","RXCUI:636630","decitabine Injectable Solution  [2,472 facts; 56 patients]","AN900","\i2b2\Medications\RXAUI:3257528\RXAUI:3257536\RXAUI:2534032\"
"4","RXCUI:643104","dasatinib Oral Tablet  [2,075 facts; 69 patients]","AN900","\i2b2\Medications\RXAUI:3257528\RXAUI:3257536\RXAUI:2543501\"
"4","RXCUI:667880","panitumumab Injectable Solution  [452 facts; 27 patients]","AN900","\i2b2\Medications\RXAUI:3257528\RXAUI:3257536\RXAUI:2618529\"
"4","RXCUI:668578","Vorinostat Oral Capsule  [231 facts; 16 patients]","AN900","\i2b2\Medications\RXAUI:3257528\RXAUI:3257536\RXAUI:2605555\"
"4","RXCUI:672148","lapatinib Oral Tablet  [367 facts; 19 patients]","AN900","\i2b2\Medications\RXAUI:3257528\RXAUI:3257536\RXAUI:2608144\"
"4","RXCUI:722288","temsirolimus Injectable Solution  [89 facts; 10 patients]","AN900","\i2b2\Medications\RXAUI:3257528\RXAUI:3257536\RXAUI:2704907\"
"4","RXCUI:744823","ixabepilone Injectable Solution","AN900","\i2b2\Medications\RXAUI:3257528\RXAUI:3257536\RXAUI:2751963\"
"4","RXCUI:746605","nilotinib Oral Capsule  [1,152 facts; 48 patients]","AN900","\i2b2\Medications\RXAUI:3257528\RXAUI:3257536\RXAUI:2756710\"
"4","RXCUI:747192","Topotecan Oral Capsule  [50 facts]","AN900","\i2b2\Medications\RXAUI:3257528\RXAUI:3257536\RXAUI:2757522\"
"4","RXCUI:845506","everolimus Oral Tablet  [8,213 facts; 219 patients]","AN900","\i2b2\Medications\RXAUI:3257528\RXAUI:3257536\RXAUI:2963073\"
"4","RXCUI:867501","pazopanib Oral Tablet  [967 facts; 89 patients]","AN900","\i2b2\Medications\RXAUI:3257528\RXAUI:3257536\RXAUI:2999041\"
"4","RXCUI:876299","ofatumumab Injectable Solution  [20 facts]","AN900","\i2b2\Medications\RXAUI:3257528\RXAUI:3257536\RXAUI:3021583\"
"4","RXCUI:877512","romidepsin Injectable Solution  [143 facts]","AN900","\i2b2\Medications\RXAUI:3257528\RXAUI:3257536\RXAUI:3022886\"
"4","RXCUI:996053","cabazitaxel Injectable Solution  [97 facts; 14 patients]","AN900","\i2b2\Medications\RXAUI:3257528\RXAUI:3257536\RXAUI:3272318\"
"5","RXCUI:1366549","Budesonide Extended Release Oral Tablet  [871 facts; 136 patients]","HS051","\i2b2\Medications\RXAUI:3257701\RXAUI:3257702\RXAUI:3257703\RXAUI:6351277\"
"5","RXCUI:1489770","Budesonide Delayed Release Oral Capsule  [20,003 facts; 676 patients]","HS051","\i2b2\Medications\RXAUI:3257701\RXAUI:3257702\RXAUI:3257703\RXAUI:6339102\"
"5","RXCUI:370647","Hydrocortisone Oral Suspension  [<10 facts]","HS051","\i2b2\Medications\RXAUI:3257701\RXAUI:3257702\RXAUI:3257703\RXAUI:1575612\"
"5","RXCUI:370648","Hydrocortisone Injectable Solution  [235,330 facts; 5,351 patients]","HS051","\i2b2\Medications\RXAUI:3257701\RXAUI:3257702\RXAUI:3257703\RXAUI:1575613\"
"5","RXCUI:370649","Hydrocortisone Oral Tablet  [46,186 facts; 990 patients]","HS051","\i2b2\Medications\RXAUI:3257701\RXAUI:3257702\RXAUI:3257703\RXAUI:1575614\"
"5","RXCUI:371049","Betamethasone Injectable Solution","HS051","\i2b2\Medications\RXAUI:3257701\RXAUI:3257702\RXAUI:3257703\RXAUI:1576010\"
"5","RXCUI:371053","Betamethasone Oral Solution  [72 facts; 22 patients]","HS051","\i2b2\Medications\RXAUI:3257701\RXAUI:3257702\RXAUI:3257703\RXAUI:1576014\"
"5","RXCUI:371056","Betamethasone Oral Tablet","HS051","\i2b2\Medications\RXAUI:3257701\RXAUI:3257702\RXAUI:3257703\RXAUI:1938997\"
"5","RXCUI:371634","Cortisone Injectable Suspension","HS051","\i2b2\Medications\RXAUI:3257701\RXAUI:3257702\RXAUI:3257703\RXAUI:1576575\"
"5","RXCUI:371635","Cortisone Oral Tablet  [590 facts; 24 patients]","HS051","\i2b2\Medications\RXAUI:3257701\RXAUI:3257702\RXAUI:3257703\RXAUI:1939027\"
"5","RXCUI:371721","Dexamethasone Injectable Suspension  [19 facts]","HS051","\i2b2\Medications\RXAUI:3257701\RXAUI:3257702\RXAUI:3257703\RXAUI:1576657\"
"5","RXCUI:371724","Dexamethasone / Lidocaine Injectable Solution","HS051","\i2b2\Medications\RXAUI:3257701\RXAUI:3257702\RXAUI:3257703\RXAUI:1576660\"
"5","RXCUI:371725","Dexamethasone Injectable Solution  [440,841 facts; 32,705 patients]","HS051","\i2b2\Medications\RXAUI:3257701\RXAUI:3257702\RXAUI:3257703\RXAUI:1576661\"
"5","RXCUI:371728","Dexamethasone Oral Solution  [10,286 facts; 459 patients]","HS051","\i2b2\Medications\RXAUI:3257701\RXAUI:3257702\RXAUI:3257703\RXAUI:1576664\"
"5","RXCUI:371729","Dexamethasone Oral Tablet  [181,115 facts; 4,812 patients]","HS051","\i2b2\Medications\RXAUI:3257701\RXAUI:3257702\RXAUI:3257703\RXAUI:1576665\"
"5","RXCUI:372866","Methylprednisolone Injectable Suspension  [59,070 facts; 4,280 patients]","HS051","\i2b2\Medications\RXAUI:3257701\RXAUI:3257702\RXAUI:3257703\RXAUI:1577796\"
"5","RXCUI:372868","Methylprednisolone Oral Tablet  [6,776 facts; 631 patients]","HS051","\i2b2\Medications\RXAUI:3257701\RXAUI:3257702\RXAUI:3257703\RXAUI:1577798\"
"5","RXCUI:373232","Paramethasone Oral Tablet","HS051","\i2b2\Medications\RXAUI:3257701\RXAUI:3257702\RXAUI:3257703\RXAUI:1578169\"
"5","RXCUI:373568","prednisolone Injectable Suspension","HS051","\i2b2\Medications\RXAUI:3257701\RXAUI:3257702\RXAUI:3257703\RXAUI:2181198\"
"5","RXCUI:373575","prednisolone Oral Solution  [53,895 facts; 2,569 patients]","HS051","\i2b2\Medications\RXAUI:3257701\RXAUI:3257702\RXAUI:3257703\RXAUI:2181205\"
"5","RXCUI:373578","prednisolone Oral Tablet  [2,955 facts; 201 patients]","HS051","\i2b2\Medications\RXAUI:3257701\RXAUI:3257702\RXAUI:3257703\RXAUI:2181208\"
"5","RXCUI:373579","prednisolone Injectable Solution","HS051","\i2b2\Medications\RXAUI:3257701\RXAUI:3257702\RXAUI:3257703\RXAUI:2181209\"
"5","RXCUI:373583","Prednisone Oral Solution  [17,397 facts; 721 patients]","HS051","\i2b2\Medications\RXAUI:3257701\RXAUI:3257702\RXAUI:3257703\RXAUI:1578518\"
"5","RXCUI:373585","Prednisone Oral Tablet  [591,506 facts; 29,096 patients]","HS051","\i2b2\Medications\RXAUI:3257701\RXAUI:3257702\RXAUI:3257703\RXAUI:1578520\"
"5","RXCUI:374191","Triamcinolone Oral Solution  [<10 facts]","HS051","\i2b2\Medications\RXAUI:3257701\RXAUI:3257702\RXAUI:3257703\RXAUI:1579107\"
"5","RXCUI:375724","Cortisone Injectable Solution  [37 facts; 12 patients]","HS051","\i2b2\Medications\RXAUI:3257701\RXAUI:3257702\RXAUI:3257703\RXAUI:1580626\"
"5","RXCUI:376656","Methylprednisolone Injectable Solution  [316,339 facts; 7,710 patients]","HS051","\i2b2\Medications\RXAUI:3257701\RXAUI:3257702\RXAUI:3257703\RXAUI:1581583\"
"5","RXCUI:378340","Betamethasone Injectable Suspension  [9,158 facts; 676 patients]","HS051","\i2b2\Medications\RXAUI:3257701\RXAUI:3257702\RXAUI:3257703\RXAUI:1583212\"
"5","RXCUI:378635","Hydrocortisone Injectable Suspension  [<10 facts]","HS051","\i2b2\Medications\RXAUI:3257701\RXAUI:3257702\RXAUI:3257703\RXAUI:1583527\"
"5","RXCUI:379264","prednisolone Disintegrating Oral Tablet  [307 facts; 79 patients]","HS051","\i2b2\Medications\RXAUI:3257701\RXAUI:3257702\RXAUI:3257703\RXAUI:6347715\"
"5","RXCUI:96818","Triamcinolone Injectable Suspension  [34,866 facts; 3,536 patients]","HS051","\i2b2\Medications\RXAUI:3257701\RXAUI:3257702\RXAUI:3257703\RXAUI:724553\"
"5","RXCUI:96819","Triamcinolone Oral Tablet  [<10 facts]","HS051","\i2b2\Medications\RXAUI:3257701\RXAUI:3257702\RXAUI:3257703\RXAUI:1882047\"
"5","RXCUI:371719","Deoxycorticosterone Injectable Suspension","HS052","\i2b2\Medications\RXAUI:3257701\RXAUI:3257702\RXAUI:3257704\RXAUI:1576655\"
"5","RXCUI:372213","Fludrocortisone Oral Tablet  [24,434 facts; 836 patients]","HS052","\i2b2\Medications\RXAUI:3257701\RXAUI:3257702\RXAUI:3257704\RXAUI:1577144\"
"5","RXCUI:385037","Deoxycorticosterone Injectable Solution","HS052","\i2b2\Medications\RXAUI:3257701\RXAUI:3257702\RXAUI:3257704\RXAUI:1594971\"
"4","RXCUI:367444","Testosterone Transdermal Patch ","HS100","\i2b2\Medications\RXAUI:3257701\RXAUI:3257705\RXAUI:2062133\"
"4","RXCUI:367452","Testosterone Transdermal Patch  [106 facts; 26 patients]","HS100","\i2b2\Medications\RXAUI:3257701\RXAUI:3257705\RXAUI:2702899\"
"4","RXCUI:370420","Testosterone Topical Gel  [421 facts; 88 patients]","HS100","\i2b2\Medications\RXAUI:3257701\RXAUI:3257705\RXAUI:2060901\"
"4","RXCUI:370440","Testosterone Topical Gel  [1,112 facts; 232 patients]","HS100","\i2b2\Medications\RXAUI:3257701\RXAUI:3257705\RXAUI:4217325\"
"4","RXCUI:371681","Danazol Oral Capsule  [430 facts; 34 patients]","HS100","\i2b2\Medications\RXAUI:3257701\RXAUI:3257705\RXAUI:1576619\"
"4","RXCUI:372113","Ethylestrenol Oral Tablet","HS100","\i2b2\Medications\RXAUI:3257701\RXAUI:3257705\RXAUI:1577050\"
"4","RXCUI:372234","Fluoxymesterone Oral Tablet  [59 facts]","HS100","\i2b2\Medications\RXAUI:3257701\RXAUI:3257705\RXAUI:1577165\"
"4","RXCUI:372811","Methandrostenolone Oral Tablet","HS100","\i2b2\Medications\RXAUI:3257701\RXAUI:3257705\RXAUI:1577739\"
"4","RXCUI:372871","Methyltestosterone Buccal Tablet","HS100","\i2b2\Medications\RXAUI:3257701\RXAUI:3257705\RXAUI:1577801\"
"4","RXCUI:372872","Methyltestosterone Oral Capsule  [23 facts]","HS100","\i2b2\Medications\RXAUI:3257701\RXAUI:3257705\RXAUI:1939096\"
"4","RXCUI:372873","Methyltestosterone Oral Tablet  [15 facts]","HS100","\i2b2\Medications\RXAUI:3257701\RXAUI:3257705\RXAUI:1577802\"
"4","RXCUI:373168","Oxandrolone Oral Tablet  [1,752 facts; 19 patients]","HS100","\i2b2\Medications\RXAUI:3257701\RXAUI:3257705\RXAUI:1578102\"
"4","RXCUI:373201","Oxymetholone Oral Tablet  [<10 facts]","HS100","\i2b2\Medications\RXAUI:3257701\RXAUI:3257705\RXAUI:1578135\"
"4","RXCUI:373957","Stanozolol Oral Tablet","HS100","\i2b2\Medications\RXAUI:3257701\RXAUI:3257705\RXAUI:1578888\"
"4","RXCUI:374050","Testosterone Injectable Solution  [26,114 facts; 1,610 patients]","HS100","\i2b2\Medications\RXAUI:3257701\RXAUI:3257705\RXAUI:2062631\"
"4","RXCUI:374396","Nandrolone Injectable Solution  [<10 facts]","HS100","\i2b2\Medications\RXAUI:3257701\RXAUI:3257705\RXAUI:1579303\"
"4","RXCUI:375870","Methandriol Injectable Solution","HS100","\i2b2\Medications\RXAUI:3257701\RXAUI:3257705\RXAUI:1580769\"
"4","RXCUI:375878","Methyltestosterone Sublingual Tablet","HS100","\i2b2\Medications\RXAUI:3257701\RXAUI:3257705\RXAUI:1580777\"
"4","RXCUI:376305","Testosterone Injectable Suspension  [282 facts; 91 patients]","HS100","\i2b2\Medications\RXAUI:3257701\RXAUI:3257705\RXAUI:2062665\"
"4","RXCUI:376538","Testosterone Topical Ointment  [30 facts; 10 patients]","HS100","\i2b2\Medications\RXAUI:3257701\RXAUI:3257705\RXAUI:1581464\"
"4","RXCUI:378070","Testosterone Topical Gel  [12,553 facts; 1,440 patients]","HS100","\i2b2\Medications\RXAUI:3257701\RXAUI:3257705\RXAUI:1582958\"
"4","RXCUI:378692","Testosterone Topical Solution  [1,752 facts; 245 patients]","HS100","\i2b2\Medications\RXAUI:3257701\RXAUI:3257705\RXAUI:1583577\"
"4","RXCUI:378786","Testosterone Drug Implant  [181 facts; 59 patients]","HS100","\i2b2\Medications\RXAUI:3257701\RXAUI:3257705\RXAUI:1583669\"
"4","RXCUI:379231","Testosterone Topical Cream  [286 facts; 69 patients]","HS100","\i2b2\Medications\RXAUI:3257701\RXAUI:3257705\RXAUI:1584106\"
"4","RXCUI:385473","Testosterone Transdermal Patch  [2,114 facts; 224 patients]","HS100","\i2b2\Medications\RXAUI:3257701\RXAUI:3257705\RXAUI:1595523\"
"4","RXCUI:757339","Ethylestrenol Oral Solution","HS100","\i2b2\Medications\RXAUI:3257701\RXAUI:3257705\RXAUI:2768581\"
"4","RXCUI:858105","Testosterone Buccal Film  [36 facts]","HS100","\i2b2\Medications\RXAUI:3257701\RXAUI:3257705\RXAUI:2983610\"
"4","RXCUI:1005923","ulipristal Oral Tablet  [72 facts; 17 patients]","HS200","\i2b2\Medications\RXAUI:3257701\RXAUI:3257706\RXAUI:3292828\"
"4","RXCUI:1367438","Ethinyl Estradiol / Etonogestrel Vaginal Ring  [1,062 facts; 267 patients]","HS200","\i2b2\Medications\RXAUI:3257701\RXAUI:3257706\RXAUI:5049773\"
"4","RXCUI:367471","Ethinyl Estradiol / norelgestromin Transdermal Patch  [171 facts; 39 patients]","HS200","\i2b2\Medications\RXAUI:3257701\RXAUI:3257706\RXAUI:2702914\"
"4","RXCUI:372105","Ethinyl Estradiol / Norethindrone Oral Tablet  [9,129 facts; 1,516 patients]","HS200","\i2b2\Medications\RXAUI:3257701\RXAUI:3257706\RXAUI:1577042\"
"4","RXCUI:372115","Ethinyl Estradiol / ethynodiol Oral Tablet  [935 facts; 152 patients]","HS200","\i2b2\Medications\RXAUI:3257701\RXAUI:3257706\RXAUI:1577052\"
"4","RXCUI:372116","ethynodiol / Mestranol Oral Tablet","HS200","\i2b2\Medications\RXAUI:3257701\RXAUI:3257706\RXAUI:2062923\"
"4","RXCUI:372590","Ethinyl Estradiol / Levonorgestrel Oral Tablet","HS200","\i2b2\Medications\RXAUI:3257701\RXAUI:3257706\RXAUI:1577534\"
"4","RXCUI:372591","Levonorgestrel Oral Tablet  [641 facts; 135 patients]","HS200","\i2b2\Medications\RXAUI:3257701\RXAUI:3257706\RXAUI:1939073\"
"4","RXCUI:373113","Mestranol / Norethindrone Oral Tablet","HS200","\i2b2\Medications\RXAUI:3257701\RXAUI:3257706\RXAUI:1578043\"
"4","RXCUI:373117","Mestranol / Norethynodrel Oral Tablet","HS200","\i2b2\Medications\RXAUI:3257701\RXAUI:3257706\RXAUI:1578050\"
"4","RXCUI:373122","Ethinyl Estradiol / Norgestrel Oral Tablet","HS200","\i2b2\Medications\RXAUI:3257701\RXAUI:3257706\RXAUI:1578054\"
"4","RXCUI:373123","Norgestrel Oral Tablet","HS200","\i2b2\Medications\RXAUI:3257701\RXAUI:3257706\RXAUI:1578055\"
"4","RXCUI:374644","Mifepristone Oral Tablet  [18 facts]","HS200","\i2b2\Medications\RXAUI:3257701\RXAUI:3257706\RXAUI:1579568\"
"4","RXCUI:378626","Estradiol / Medroxyprogesterone Injectable Suspension","HS200","\i2b2\Medications\RXAUI:3257701\RXAUI:3257706\RXAUI:1583520\"
"4","RXCUI:378923","Levonorgestrel Drug Implant  [14,988 facts; 3,466 patients]","HS200","\i2b2\Medications\RXAUI:3257701\RXAUI:3257706\RXAUI:1583797\"
"4","RXCUI:393401","Etonogestrel Drug Implant  [6,360 facts; 1,358 patients]","HS200","\i2b2\Medications\RXAUI:3257701\RXAUI:3257706\RXAUI:1640927\"
"4","RXCUI:797650","Levonorgestrel Drug Implant  [15 facts]","HS200","\i2b2\Medications\RXAUI:3257701\RXAUI:3257706\RXAUI:2850831\"
"4","RXCUI:1356976","Estradiol Transdermal Patch  [63 facts; 17 patients]","HS300","\i2b2\Medications\RXAUI:3257701\RXAUI:3257707\RXAUI:5029462\"
"4","RXCUI:142249","Estradiol Injectable Solution  [893 facts; 172 patients]","HS300","\i2b2\Medications\RXAUI:3257701\RXAUI:3257707\RXAUI:946516\"
"4","RXCUI:284732","Estradiol Transdermal Patch  [6,428 facts; 996 patients]","HS300","\i2b2\Medications\RXAUI:3257701\RXAUI:3257707\RXAUI:1358934\"
"4","RXCUI:367470","Estradiol Transdermal Patch ","HS300","\i2b2\Medications\RXAUI:3257701\RXAUI:3257707\RXAUI:2702913\"
"4","RXCUI:367473","Estradiol Transdermal Patch  [640 facts; 166 patients]","HS300","\i2b2\Medications\RXAUI:3257701\RXAUI:3257707\RXAUI:2702916\"
"4","RXCUI:367474","Estradiol Transdermal Patch ","HS300","\i2b2\Medications\RXAUI:3257701\RXAUI:3257707\RXAUI:2702917\"
"4","RXCUI:367475","Estradiol Transdermal Patch ","HS300","\i2b2\Medications\RXAUI:3257701\RXAUI:3257707\RXAUI:2702918\"
"4","RXCUI:367477","Estradiol Transdermal Patch  [<10 facts]","HS300","\i2b2\Medications\RXAUI:3257701\RXAUI:3257707\RXAUI:2702920\"
"4","RXCUI:371411","Chlorotrianisene Oral Capsule","HS300","\i2b2\Medications\RXAUI:3257701\RXAUI:3257707\RXAUI:1576368\"
"4","RXCUI:371824","Diethylstilbestrol Injectable Solution","HS300","\i2b2\Medications\RXAUI:3257701\RXAUI:3257707\RXAUI:1576762\"
"4","RXCUI:371825","Diethylstilbestrol Oral Tablet","HS300","\i2b2\Medications\RXAUI:3257701\RXAUI:3257707\RXAUI:1576763\"
"4","RXCUI:371826","Diethylstilbestrol Delayed Release Oral Tablet","HS300","\i2b2\Medications\RXAUI:3257701\RXAUI:3257707\RXAUI:6337806\"
"4","RXCUI:372078","Estradiol Oral Tablet  [24,950 facts; 2,666 patients]","HS300","\i2b2\Medications\RXAUI:3257701\RXAUI:3257707\RXAUI:1577018\"
"4","RXCUI:372085","synthetic conjugated estrogens, A Oral Tablet  [356 facts; 58 patients]","HS300","\i2b2\Medications\RXAUI:3257701\RXAUI:3257707\RXAUI:6797598\"
"4","RXCUI:372088","estropipate Oral Tablet  [944 facts; 157 patients]","HS300","\i2b2\Medications\RXAUI:3257701\RXAUI:3257707\RXAUI:1577028\"
"4","RXCUI:372101","Ethinyl Estradiol Oral Tablet  [21 facts]","HS300","\i2b2\Medications\RXAUI:3257701\RXAUI:3257707\RXAUI:1939054\"
"4","RXCUI:373733","Quinestrol Oral Tablet","HS300","\i2b2\Medications\RXAUI:3257701\RXAUI:3257707\RXAUI:1578654\"
"4","RXCUI:375814","Estrogens Injectable Solution","HS300","\i2b2\Medications\RXAUI:3257701\RXAUI:3257707\RXAUI:1580709\"
"4","RXCUI:375815","Estrogens Injectable Suspension","HS300","\i2b2\Medications\RXAUI:3257701\RXAUI:3257707\RXAUI:1580710\"
"4","RXCUI:375818","Estrone Oral Tablet","HS300","\i2b2\Medications\RXAUI:3257701\RXAUI:3257707\RXAUI:1939310\"
"4","RXCUI:378627","Estrone Injectable Suspension","HS300","\i2b2\Medications\RXAUI:3257701\RXAUI:3257707\RXAUI:1583521\"
"4","RXCUI:378834","Estrogens, Conjugated (USP) Oral Tablet  [21,010 facts; 2,234 patients]","HS300","\i2b2\Medications\RXAUI:3257701\RXAUI:3257707\RXAUI:1583714\"
"4","RXCUI:378835","Estrogens, Conjugated (USP) Injectable Solution  [908 facts; 88 patients]","HS300","\i2b2\Medications\RXAUI:3257701\RXAUI:3257707\RXAUI:1583715\"
"4","RXCUI:378837","Estrogens, Esterified (USP) Oral Tablet  [301 facts; 45 patients]","HS300","\i2b2\Medications\RXAUI:3257701\RXAUI:3257707\RXAUI:1939477\"
"4","RXCUI:378842","Chlordiazepoxide / Estrogens, Esterified (USP) Oral Tablet","HS300","\i2b2\Medications\RXAUI:3257701\RXAUI:3257707\RXAUI:1583721\"
"4","RXCUI:378852","Estrogens, Conjugated (USP) / Meprobamate Oral Tablet  [<10 facts]","HS300","\i2b2\Medications\RXAUI:3257701\RXAUI:3257707\RXAUI:1583731\"
"4","RXCUI:378910","Estrogens, Conjugated (USP) Extended Release Oral Tablet","HS300","\i2b2\Medications\RXAUI:3257701\RXAUI:3257707\RXAUI:6349469\"
"4","RXCUI:378911","Estrogens, Conjugated (USP) Delayed Release Oral Tablet","HS300","\i2b2\Medications\RXAUI:3257701\RXAUI:3257707\RXAUI:6337350\"
"4","RXCUI:378912","Estrogens, Conjugated (USP) Injectable Suspension","HS300","\i2b2\Medications\RXAUI:3257701\RXAUI:3257707\RXAUI:1583786\"
"4","RXCUI:378917","Estrogens, Conjugated (USP) / Estrone Injectable Suspension","HS300","\i2b2\Medications\RXAUI:3257701\RXAUI:3257707\RXAUI:1583791\"
"4","RXCUI:379699","Estradiol Topical Gel  [453 facts; 89 patients]","HS300","\i2b2\Medications\RXAUI:3257701\RXAUI:3257707\RXAUI:1584627\"
"4","RXCUI:402378","Estradiol / Levonorgestrel Transdermal Patch  [27 facts]","HS300","\i2b2\Medications\RXAUI:3257701\RXAUI:3257707\RXAUI:2703207\"
"4","RXCUI:402382","Estradiol Topical Lotion  [<10 facts]","HS300","\i2b2\Medications\RXAUI:3257701\RXAUI:3257707\RXAUI:1944477\"
"4","RXCUI:545275","Estradiol Transdermal Patch  [<10 facts]","HS300","\i2b2\Medications\RXAUI:3257701\RXAUI:3257707\RXAUI:2703597\"
"4","RXCUI:581548","Estradiol Topical Gel  [31 facts]","HS300","\i2b2\Medications\RXAUI:3257701\RXAUI:3257707\RXAUI:2309156\"
"4","RXCUI:618367","synthetic conjugated estrogens, B Oral Tablet  [427 facts; 76 patients]","HS300","\i2b2\Medications\RXAUI:3257701\RXAUI:3257707\RXAUI:6797595\"
"4","RXCUI:706466","Estradiol Topical Gel  [<10 facts]","HS300","\i2b2\Medications\RXAUI:3257701\RXAUI:3257707\RXAUI:2657381\"
"4","RXCUI:721626","Estradiol Transdermal Patch  [63 facts; 14 patients]","HS300","\i2b2\Medications\RXAUI:3257701\RXAUI:3257707\RXAUI:2703951\"
"4","RXCUI:727738","Estradiol Prefilled Syringe","HS300","\i2b2\Medications\RXAUI:3257701\RXAUI:3257707\RXAUI:2720131\"
"4","RXCUI:728117","Estradiol Topical Spray  [177 facts; 49 patients]","HS300","\i2b2\Medications\RXAUI:3257701\RXAUI:3257707\RXAUI:2720635\"
"4","RXCUI:848327","Estradiol Vaginal Ring  [952 facts; 214 patients]","HS300","\i2b2\Medications\RXAUI:3257701\RXAUI:3257707\RXAUI:2967579\"
"4","RXCUI:371571","Clomiphene Oral Tablet  [1,891 facts; 240 patients]","HS400","\i2b2\Medications\RXAUI:3257701\RXAUI:3257708\RXAUI:1576518\"
"4","RXCUI:375827","Follicle Stimulating Hormone / Luteinizing Hormone Injectable Solution  [21 facts]","HS400","\i2b2\Medications\RXAUI:3257701\RXAUI:3257708\RXAUI:1580721\"
"4","RXCUI:376655","Chorionic Gonadotropin Injectable Solution  [327 facts; 46 patients]","HS400","\i2b2\Medications\RXAUI:3257701\RXAUI:3257708\RXAUI:1581582\"
"4","RXCUI:376688","Gonadorelin Injectable Solution","HS400","\i2b2\Medications\RXAUI:3257701\RXAUI:3257708\RXAUI:1581614\"
"4","RXCUI:376911","follitropin beta Injectable Solution  [<10 facts]","HS400","\i2b2\Medications\RXAUI:3257701\RXAUI:3257708\RXAUI:2959995\"
"4","RXCUI:378622","Urofollitropin Injectable Solution  [<10 facts]","HS400","\i2b2\Medications\RXAUI:3257701\RXAUI:3257708\RXAUI:1583516\"
"4","RXCUI:402390","Lutropin alfa Injectable Solution","HS400","\i2b2\Medications\RXAUI:3257701\RXAUI:3257708\RXAUI:1662198\"
"4","RXCUI:402741","Follitropin Alfa Injectable Solution  [<10 facts]","HS400","\i2b2\Medications\RXAUI:3257701\RXAUI:3257708\RXAUI:1662970\"
"4","RXCUI:727504","Chorionic Gonadotropin Prefilled Syringe  [<10 facts]","HS400","\i2b2\Medications\RXAUI:3257701\RXAUI:3257708\RXAUI:2719884\"
"4","RXCUI:746562","ganirelix Prefilled Syringe  [<10 facts]","HS400","\i2b2\Medications\RXAUI:3257701\RXAUI:3257708\RXAUI:2756679\"
"4","RXCUI:847952","Follitropin Alfa Prefilled Syringe  [13 facts]","HS400","\i2b2\Medications\RXAUI:3257701\RXAUI:3257708\RXAUI:2967008\"
"4","RXCUI:847955","Follitropin Alfa Prefilled Syringe  [<10 facts]","HS400","\i2b2\Medications\RXAUI:3257701\RXAUI:3257708\RXAUI:2967011\"
"4","RXCUI:854748","follitropin beta Prefilled Syringe  [13 facts]","HS400","\i2b2\Medications\RXAUI:3257701\RXAUI:3257708\RXAUI:2977346\"
"4","RXCUI:1242962","exenatide Injectable Suspension  [2,128 facts; 352 patients]","HS500","\i2b2\Medications\RXAUI:3257701\RXAUI:3257709\RXAUI:4242533\"
"4","RXCUI:847909","exenatide Prefilled Syringe  [2,670 facts; 467 patients]","HS500","\i2b2\Medications\RXAUI:3257701\RXAUI:3257709\RXAUI:2966971\"
"5","RXCUI:362622","Regular Insulin, Human Injectable Solution  [328 facts; 82 patients]","HS501","\i2b2\Medications\RXAUI:3257701\RXAUI:3257709\RXAUI:3257710\RXAUI:2750837\"
"5","RXCUI:362777","insulin, regular, beef-pork Injectable Solution ","HS501","\i2b2\Medications\RXAUI:3257701\RXAUI:3257709\RXAUI:3257710\RXAUI:4217327\"
"5","RXCUI:363120","Regular Insulin, Human Injectable Solution ","HS501","\i2b2\Medications\RXAUI:3257701\RXAUI:3257709\RXAUI:3257710\RXAUI:2750841\"
"5","RXCUI:363150","Insulin, Regular, Pork Injectable Solution ","HS501","\i2b2\Medications\RXAUI:3257701\RXAUI:3257709\RXAUI:3257710\RXAUI:2060842\"
"5","RXCUI:363221","Regular Insulin, Human Injectable Solution  [175 facts; 44 patients]","HS501","\i2b2\Medications\RXAUI:3257701\RXAUI:3257709\RXAUI:3257710\RXAUI:2750843\"
"5","RXCUI:365573","NPH Insulin, Human Injectable Suspension  [581 facts; 124 patients]","HS501","\i2b2\Medications\RXAUI:3257701\RXAUI:3257709\RXAUI:3257710\RXAUI:2750902\"
"5","RXCUI:365583","Insulin, Zinc, Pork Injectable Suspension ","HS501","\i2b2\Medications\RXAUI:3257701\RXAUI:3257709\RXAUI:3257710\RXAUI:2054766\"
"5","RXCUI:365669","Insulin, Zinc, Human Injectable Suspension ","HS501","\i2b2\Medications\RXAUI:3257701\RXAUI:3257709\RXAUI:3257710\RXAUI:2060647\"
"5","RXCUI:365670","NPH Insulin, Pork Injectable Suspension ","HS501","\i2b2\Medications\RXAUI:3257701\RXAUI:3257709\RXAUI:3257710\RXAUI:2750917\"
"5","RXCUI:365672","NPH Insulin, Human / Regular Insulin, Human Injectable Suspension  [235 facts; 45 patients]","HS501","\i2b2\Medications\RXAUI:3257701\RXAUI:3257709\RXAUI:3257710\RXAUI:5078534\"
"5","RXCUI:365677","NPH Insulin, Human Injectable Suspension  [870 facts; 175 patients]","HS501","\i2b2\Medications\RXAUI:3257701\RXAUI:3257709\RXAUI:3257710\RXAUI:2750921\"
"5","RXCUI:365678","Ultralente Insulin, Human Injectable Suspension ","HS501","\i2b2\Medications\RXAUI:3257701\RXAUI:3257709\RXAUI:3257710\RXAUI:2750922\"
"5","RXCUI:365679","NPH Insulin, Human / Regular Insulin, Human Injectable Suspension  [375 facts; 65 patients]","HS501","\i2b2\Medications\RXAUI:3257701\RXAUI:3257709\RXAUI:3257710\RXAUI:5078532\"
"5","RXCUI:365694","Insulin, Zinc, Human Injectable Suspension ","HS501","\i2b2\Medications\RXAUI:3257701\RXAUI:3257709\RXAUI:3257710\RXAUI:2054799\"
"5","RXCUI:376915","Regular Insulin, Human Injectable Solution  [107,074 facts; 7,233 patients]","HS501","\i2b2\Medications\RXAUI:3257701\RXAUI:3257709\RXAUI:3257710\RXAUI:2750713\"
"5","RXCUI:376916","Insulin, Regular, Pork Injectable Solution  [<10 facts]","HS501","\i2b2\Medications\RXAUI:3257701\RXAUI:3257709\RXAUI:3257710\RXAUI:1581834\"
"5","RXCUI:376942","insulin, regular, beef-pork Injectable Solution","HS501","\i2b2\Medications\RXAUI:3257701\RXAUI:3257709\RXAUI:3257710\RXAUI:4217079\"
"5","RXCUI:378843","Insulin, Regular, Beef Injectable Solution","HS501","\i2b2\Medications\RXAUI:3257701\RXAUI:3257709\RXAUI:3257710\RXAUI:1583722\"
"5","RXCUI:378857","NPH Insulin, Human / Regular Insulin, Human Injectable Suspension  [19,443 facts; 829 patients]","HS501","\i2b2\Medications\RXAUI:3257701\RXAUI:3257709\RXAUI:3257710\RXAUI:2750722\"
"5","RXCUI:378858","Insulin, Regular, Pork / NPH Insulin, Pork Injectable Suspension","HS501","\i2b2\Medications\RXAUI:3257701\RXAUI:3257709\RXAUI:3257710\RXAUI:2750723\"
"5","RXCUI:378859","NPH Insulin, Pork Injectable Suspension  [<10 facts]","HS501","\i2b2\Medications\RXAUI:3257701\RXAUI:3257709\RXAUI:3257710\RXAUI:2750724\"
"5","RXCUI:378860","Insulin, Zinc, Human Injectable Suspension  [18 facts]","HS501","\i2b2\Medications\RXAUI:3257701\RXAUI:3257709\RXAUI:3257710\RXAUI:1583739\"
"5","RXCUI:378861","NPH Insulin, Human Injectable Suspension  [192,098 facts; 2,799 patients]","HS501","\i2b2\Medications\RXAUI:3257701\RXAUI:3257709\RXAUI:3257710\RXAUI:2750725\"
"5","RXCUI:378862","Ultralente Insulin, Human Injectable Suspension  [<10 facts]","HS501","\i2b2\Medications\RXAUI:3257701\RXAUI:3257709\RXAUI:3257710\RXAUI:2750726\"
"5","RXCUI:378864","Insulin Glargine Injectable Solution  [56,649 facts; 7,106 patients]","HS501","\i2b2\Medications\RXAUI:3257701\RXAUI:3257709\RXAUI:3257710\RXAUI:2750727\"
"5","RXCUI:378914","Insulin, Aspart, Human Injectable Solution  [29,632 facts; 4,360 patients]","HS501","\i2b2\Medications\RXAUI:3257701\RXAUI:3257709\RXAUI:3257710\RXAUI:1583788\"
"5","RXCUI:378919","Lente Insulin, Beef-Pork Injectable Suspension","HS501","\i2b2\Medications\RXAUI:3257701\RXAUI:3257709\RXAUI:3257710\RXAUI:2750728\"
"5","RXCUI:378928","NPH Insulin, Beef Injectable Suspension  [<10 facts]","HS501","\i2b2\Medications\RXAUI:3257701\RXAUI:3257709\RXAUI:3257710\RXAUI:2750729\"
"5","RXCUI:378931","NPH Insulin, Beef-Pork Injectable Suspension  [<10 facts]","HS501","\i2b2\Medications\RXAUI:3257701\RXAUI:3257709\RXAUI:3257710\RXAUI:2750730\"
"5","RXCUI:378950","Insulin, Zinc, Pork Injectable Suspension","HS501","\i2b2\Medications\RXAUI:3257701\RXAUI:3257709\RXAUI:3257710\RXAUI:1583823\"
"5","RXCUI:378967","Lente Insulin, Beef Injectable Suspension","HS501","\i2b2\Medications\RXAUI:3257701\RXAUI:3257709\RXAUI:3257710\RXAUI:2750732\"
"5","RXCUI:378970","Ultralente Insulin, Beef Injectable Suspension","HS501","\i2b2\Medications\RXAUI:3257701\RXAUI:3257709\RXAUI:3257710\RXAUI:2750733\"
"5","RXCUI:379006","Insulin, Prompt Zinc, Beef Injectable Suspension","HS501","\i2b2\Medications\RXAUI:3257701\RXAUI:3257709\RXAUI:3257710\RXAUI:1583879\"
"5","RXCUI:379007","Insulin, Protamine Zinc, Pork Injectable Suspension","HS501","\i2b2\Medications\RXAUI:3257701\RXAUI:3257709\RXAUI:3257710\RXAUI:1583880\"
"5","RXCUI:379008","insulin, protamine zinc, beef Injectable Suspension","HS501","\i2b2\Medications\RXAUI:3257701\RXAUI:3257709\RXAUI:3257710\RXAUI:2181401\"
"5","RXCUI:379055","Insulin, Prompt Zinc, Pork Injectable Suspension","HS501","\i2b2\Medications\RXAUI:3257701\RXAUI:3257709\RXAUI:3257710\RXAUI:1583928\"
"5","RXCUI:435172","Insulin, Protamine Zinc, Beef-Pork Injectable Suspension","HS501","\i2b2\Medications\RXAUI:3257701\RXAUI:3257709\RXAUI:3257710\RXAUI:1760832\"
"5","RXCUI:435180","Ultralente Insulin, Beef-Pork Injectable Suspension","HS501","\i2b2\Medications\RXAUI:3257701\RXAUI:3257709\RXAUI:3257710\RXAUI:2750768\"
"5","RXCUI:435184","Insulin, Prompt Zinc, Beef-Pork Injectable Suspension","HS501","\i2b2\Medications\RXAUI:3257701\RXAUI:3257709\RXAUI:3257710\RXAUI:1760860\"
"5","RXCUI:484321","insulin detemir Injectable Solution  [382,448 facts; 6,736 patients]","HS501","\i2b2\Medications\RXAUI:3257701\RXAUI:3257709\RXAUI:3257710\RXAUI:2402361\"
"5","RXCUI:485209","Insulin, Glulisine, Human Injectable Solution  [1,705 facts; 246 patients]","HS501","\i2b2\Medications\RXAUI:3257701\RXAUI:3257709\RXAUI:3257710\RXAUI:2075830\"
"5","RXCUI:485262","insulin, regular, beef-pork Inhalant Solution","HS501","\i2b2\Medications\RXAUI:3257701\RXAUI:3257709\RXAUI:3257710\RXAUI:4217073\"
"5","RXCUI:731280","Insulin Lispro / Insulin, Protamine Lispro, Human Injectable Suspension  [106 facts; 27 patients]","HS501","\i2b2\Medications\RXAUI:3257701\RXAUI:3257709\RXAUI:3257710\RXAUI:5078543\"
"5","RXCUI:763012","insulin human, rDNA origin Inhalant Powder","HS501","\i2b2\Medications\RXAUI:3257701\RXAUI:3257709\RXAUI:3257710\RXAUI:2775490\"
"5","RXCUI:847188","NPH Insulin, Human / Regular Insulin, Human Prefilled Syringe  [48 facts; 14 patients]","HS501","\i2b2\Medications\RXAUI:3257701\RXAUI:3257709\RXAUI:3257710\RXAUI:5078556\"
"5","RXCUI:847194","NPH Insulin, Human / Regular Insulin, Human Prefilled Syringe ","HS501","\i2b2\Medications\RXAUI:3257701\RXAUI:3257709\RXAUI:3257710\RXAUI:5078555\"
"5","RXCUI:847196","NPH Insulin, Human Prefilled Syringe  [2,989 facts; 349 patients]","HS501","\i2b2\Medications\RXAUI:3257701\RXAUI:3257709\RXAUI:3257710\RXAUI:2966103\"
"5","RXCUI:847198","NPH Insulin, Human Prefilled Syringe  [251 facts; 56 patients]","HS501","\i2b2\Medications\RXAUI:3257701\RXAUI:3257709\RXAUI:3257710\RXAUI:2966105\"
"5","RXCUI:847200","NPH Insulin, Human Prefilled Syringe ","HS501","\i2b2\Medications\RXAUI:3257701\RXAUI:3257709\RXAUI:3257710\RXAUI:2966108\"
"5","RXCUI:847202","Regular Insulin, Human Prefilled Syringe  [83 facts; 18 patients]","HS501","\i2b2\Medications\RXAUI:3257701\RXAUI:3257709\RXAUI:3257710\RXAUI:2966111\"
"5","RXCUI:847204","Regular Insulin, Human Prefilled Syringe ","HS501","\i2b2\Medications\RXAUI:3257701\RXAUI:3257709\RXAUI:3257710\RXAUI:2966113\"
"5","RXCUI:847206","Insulin Lispro Prefilled Syringe  [15,194 facts; 1,948 patients]","HS501","\i2b2\Medications\RXAUI:3257701\RXAUI:3257709\RXAUI:3257710\RXAUI:2966116\"
"5","RXCUI:847210","Insulin Lispro / Insulin, Protamine Lispro, Human Prefilled Syringe  [1,373 facts; 192 patients]","HS501","\i2b2\Medications\RXAUI:3257701\RXAUI:3257709\RXAUI:3257710\RXAUI:2966121\"
"5","RXCUI:847229","Insulin Glargine Prefilled Syringe  [27,124 facts; 2,806 patients]","HS501","\i2b2\Medications\RXAUI:3257701\RXAUI:3257709\RXAUI:3257710\RXAUI:2966143\"
"5","RXCUI:847238","insulin detemir Prefilled Syringe  [14,843 facts; 1,575 patients]","HS501","\i2b2\Medications\RXAUI:3257701\RXAUI:3257709\RXAUI:3257710\RXAUI:2966149\"
"5","RXCUI:847258","Insulin, Glulisine, Human Prefilled Syringe  [1,881 facts; 268 patients]","HS501","\i2b2\Medications\RXAUI:3257701\RXAUI:3257709\RXAUI:3257710\RXAUI:2966171\"
"5","RXCUI:847262","Insulin, Aspart, Human Prefilled Syringe  [15,987 facts; 2,033 patients]","HS501","\i2b2\Medications\RXAUI:3257701\RXAUI:3257709\RXAUI:3257710\RXAUI:2966177\"
"5","RXCUI:847264","Insulin, Aspart, Human Prefilled Syringe  [2,137 facts; 523 patients]","HS501","\i2b2\Medications\RXAUI:3257701\RXAUI:3257709\RXAUI:3257710\RXAUI:2966179\"
"5","RXCUI:865097","Insulin Lispro Injectable Solution  [3,373 facts; 665 patients]","HS501","\i2b2\Medications\RXAUI:3257701\RXAUI:3257709\RXAUI:3257710\RXAUI:2995334\"
"5","RXCUI:977839","Insulin, Aspart Protamine, Human / Insulin, Aspart, Human Prefilled Syringe  [230 facts; 52 patients]","HS501","\i2b2\Medications\RXAUI:3257701\RXAUI:3257709\RXAUI:3257710\RXAUI:5078580\"
"5","RXCUI:977841","Insulin, Aspart Protamine, Human / Insulin, Aspart, Human Injectable Suspension  [114 facts; 29 patients]","HS501","\i2b2\Medications\RXAUI:3257701\RXAUI:3257709\RXAUI:3257710\RXAUI:5078579\"
"5","RXCUI:1043561","Metformin / saxagliptin Extended Release Oral Tablet  [933 facts; 172 patients]","HS502","\i2b2\Medications\RXAUI:3257701\RXAUI:3257709\RXAUI:3257711\RXAUI:6351032\"
"5","RXCUI:1100701","Linagliptin Oral Tablet  [4,092 facts; 580 patients]","HS502","\i2b2\Medications\RXAUI:3257701\RXAUI:3257709\RXAUI:3257711\RXAUI:3640428\"
"5","RXCUI:1189802","Simvastatin / sitagliptin Oral Tablet  [<10 facts]","HS502","\i2b2\Medications\RXAUI:3257701\RXAUI:3257709\RXAUI:3257711\RXAUI:3863705\"
"5","RXCUI:1243018","Linagliptin / Metformin Oral Tablet  [349 facts; 63 patients]","HS502","\i2b2\Medications\RXAUI:3257701\RXAUI:3257709\RXAUI:3257711\RXAUI:4243173\"
"5","RXCUI:1243826","Metformin / sitagliptin Extended Release Oral Tablet  [417 facts; 97 patients]","HS502","\i2b2\Medications\RXAUI:3257701\RXAUI:3257709\RXAUI:3257711\RXAUI:6351299\"
"5","RXCUI:1368005","alogliptin Oral Tablet  [94 facts; 22 patients]","HS502","\i2b2\Medications\RXAUI:3257701\RXAUI:3257709\RXAUI:3257711\RXAUI:5050711\"
"5","RXCUI:1368383","alogliptin / Metformin Oral Tablet  [94 facts; 29 patients]","HS502","\i2b2\Medications\RXAUI:3257701\RXAUI:3257709\RXAUI:3257711\RXAUI:5068310\"
"5","RXCUI:1368401","alogliptin / pioglitazone Oral Tablet  [105 facts; 32 patients]","HS502","\i2b2\Medications\RXAUI:3257701\RXAUI:3257709\RXAUI:3257711\RXAUI:5068333\"
"5","RXCUI:1373462","canagliflozin Oral Tablet  [5,030 facts; 628 patients]","HS502","\i2b2\Medications\RXAUI:3257701\RXAUI:3257709\RXAUI:3257711\RXAUI:5082789\"
"5","RXCUI:1488568","dapagliflozin Oral Tablet  [1,102 facts; 188 patients]","HS502","\i2b2\Medications\RXAUI:3257701\RXAUI:3257709\RXAUI:3257711\RXAUI:5942886\"
"5","RXCUI:1545148","canagliflozin / Metformin Oral Tablet  [84 facts; 20 patients]","HS502","\i2b2\Medications\RXAUI:3257701\RXAUI:3257709\RXAUI:3257711\RXAUI:6391828\"
"5","RXCUI:1545657","empagliflozin Oral Tablet  [335 facts; 58 patients]","HS502","\i2b2\Medications\RXAUI:3257701\RXAUI:3257709\RXAUI:3257711\RXAUI:6393924\"
"5","RXCUI:370504","Acarbose Oral Tablet  [1,012 facts; 77 patients]","HS502","\i2b2\Medications\RXAUI:3257701\RXAUI:3257709\RXAUI:3257711\RXAUI:1575472\"
"5","RXCUI:370529","Acetohexamide Oral Tablet","HS502","\i2b2\Medications\RXAUI:3257701\RXAUI:3257709\RXAUI:3257711\RXAUI:1575497\"
"5","RXCUI:371465","Chlorpropamide Oral Tablet  [<10 facts]","HS502","\i2b2\Medications\RXAUI:3257701\RXAUI:3257709\RXAUI:3257711\RXAUI:1576420\"
"5","RXCUI:372319","glimepiride Oral Tablet  [40,350 facts; 3,716 patients]","HS502","\i2b2\Medications\RXAUI:3257701\RXAUI:3257709\RXAUI:3257711\RXAUI:1577252\"
"5","RXCUI:372320","Glipizide Oral Tablet  [57,948 facts; 4,491 patients]","HS502","\i2b2\Medications\RXAUI:3257701\RXAUI:3257709\RXAUI:3257711\RXAUI:1577253\"
"5","RXCUI:372333","Glyburide Oral Tablet  [16,552 facts; 1,490 patients]","HS502","\i2b2\Medications\RXAUI:3257701\RXAUI:3257709\RXAUI:3257711\RXAUI:1577266\"
"5","RXCUI:372803","Metformin Oral Tablet  [223,767 facts; 19,701 patients]","HS502","\i2b2\Medications\RXAUI:3257701\RXAUI:3257709\RXAUI:3257711\RXAUI:1577732\"
"5","RXCUI:372804","Metformin Extended Release Oral Tablet  [47,249 facts; 4,807 patients]","HS502","\i2b2\Medications\RXAUI:3257701\RXAUI:3257709\RXAUI:3257711\RXAUI:6347370\"
"5","RXCUI:372926","miglitol Oral Tablet  [12 facts]","HS502","\i2b2\Medications\RXAUI:3257701\RXAUI:3257709\RXAUI:3257711\RXAUI:1577858\"
"5","RXCUI:373759","repaglinide Oral Tablet  [1,668 facts; 110 patients]","HS502","\i2b2\Medications\RXAUI:3257701\RXAUI:3257709\RXAUI:3257711\RXAUI:1578677\"
"5","RXCUI:373801","rosiglitazone Oral Tablet  [127 facts; 35 patients]","HS502","\i2b2\Medications\RXAUI:3257701\RXAUI:3257709\RXAUI:3257711\RXAUI:1578717\"
"5","RXCUI:374149","Tolazamide Oral Tablet","HS502","\i2b2\Medications\RXAUI:3257701\RXAUI:3257709\RXAUI:3257711\RXAUI:1579067\"
"5","RXCUI:374152","Tolbutamide Oral Tablet","HS502","\i2b2\Medications\RXAUI:3257701\RXAUI:3257709\RXAUI:3257711\RXAUI:1579070\"
"5","RXCUI:374252","troglitazone Oral Tablet","HS502","\i2b2\Medications\RXAUI:3257701\RXAUI:3257709\RXAUI:3257711\RXAUI:1579164\"
"5","RXCUI:374606","pioglitazone Oral Tablet  [20,001 facts; 1,927 patients]","HS502","\i2b2\Medications\RXAUI:3257701\RXAUI:3257709\RXAUI:3257711\RXAUI:1579527\"
"5","RXCUI:374635","Glyburide / Metformin Oral Tablet  [2,053 facts; 318 patients]","HS502","\i2b2\Medications\RXAUI:3257701\RXAUI:3257709\RXAUI:3257711\RXAUI:1579561\"
"5","RXCUI:374648","nateglinide Oral Tablet  [1,211 facts; 78 patients]","HS502","\i2b2\Medications\RXAUI:3257701\RXAUI:3257709\RXAUI:3257711\RXAUI:1579572\"
"5","RXCUI:375952","Tolazamide Oral Capsule","HS502","\i2b2\Medications\RXAUI:3257701\RXAUI:3257709\RXAUI:3257711\RXAUI:1580858\"
"5","RXCUI:377980","Glucose Oral Gel  [3,462 facts; 378 patients]","HS502","\i2b2\Medications\RXAUI:3257701\RXAUI:3257709\RXAUI:3257711\RXAUI:1582871\"
"5","RXCUI:378729","Metformin / rosiglitazone Oral Tablet  [33 facts]","HS502","\i2b2\Medications\RXAUI:3257701\RXAUI:3257709\RXAUI:3257711\RXAUI:1583612\"
"5","RXCUI:378730","Glipizide / Metformin Oral Tablet  [547 facts; 115 patients]","HS502","\i2b2\Medications\RXAUI:3257701\RXAUI:3257709\RXAUI:3257711\RXAUI:1583613\"
"5","RXCUI:406082","Metformin Oral Solution  [1,111 facts; 350 patients]","HS502","\i2b2\Medications\RXAUI:3257701\RXAUI:3257709\RXAUI:3257711\RXAUI:1668803\"
"5","RXCUI:541768","Metformin Extended Release Oral Tablet  [15 facts]","HS502","\i2b2\Medications\RXAUI:3257701\RXAUI:3257709\RXAUI:3257711\RXAUI:6353008\"
"5","RXCUI:577093","Metformin / pioglitazone Oral Tablet  [972 facts; 197 patients]","HS502","\i2b2\Medications\RXAUI:3257701\RXAUI:3257709\RXAUI:3257711\RXAUI:2294973\"
"5","RXCUI:602543","glimepiride / rosiglitazone Oral Tablet  [<10 facts]","HS502","\i2b2\Medications\RXAUI:3257701\RXAUI:3257709\RXAUI:3257711\RXAUI:2381030\"
"5","RXCUI:647236","glimepiride / pioglitazone Oral Tablet  [63 facts; 15 patients]","HS502","\i2b2\Medications\RXAUI:3257701\RXAUI:3257709\RXAUI:3257711\RXAUI:2552462\"
"5","RXCUI:647241","Metformin Extended Release Oral Tablet  [69 facts; 15 patients]","HS502","\i2b2\Medications\RXAUI:3257701\RXAUI:3257709\RXAUI:3257711\RXAUI:6345263\"
"5","RXCUI:665032","sitagliptin Oral Tablet  [39,612 facts; 2,816 patients]","HS502","\i2b2\Medications\RXAUI:3257701\RXAUI:3257709\RXAUI:3257711\RXAUI:2601580\"
"5","RXCUI:700516","Metformin / sitagliptin Oral Tablet  [3,723 facts; 641 patients]","HS502","\i2b2\Medications\RXAUI:3257701\RXAUI:3257709\RXAUI:3257711\RXAUI:2651582\"
"5","RXCUI:700835","Glipizide Extended Release Oral Tablet  [26,795 facts; 1,953 patients]","HS502","\i2b2\Medications\RXAUI:3257701\RXAUI:3257709\RXAUI:3257711\RXAUI:6347017\"
"5","RXCUI:802742","Metformin / repaglinide Oral Tablet  [<10 facts]","HS502","\i2b2\Medications\RXAUI:3257701\RXAUI:3257709\RXAUI:3257711\RXAUI:2859241\"
"5","RXCUI:858035","saxagliptin Oral Tablet  [3,454 facts; 506 patients]","HS502","\i2b2\Medications\RXAUI:3257701\RXAUI:3257709\RXAUI:3257711\RXAUI:2983513\"
"5","RXCUI:899988","Metformin / pioglitazone Extended Release Oral Tablet  [57 facts]","HS502","\i2b2\Medications\RXAUI:3257701\RXAUI:3257709\RXAUI:3257711\RXAUI:6344921\"
"5","RXCUI:1375958","Cholecalciferol / Glucose Oral Solution","HS503","\i2b2\Medications\RXAUI:3257701\RXAUI:3257709\RXAUI:3257712\RXAUI:5087065\"
"5","RXCUI:1375984","Cholecalciferol / Glucose Chewable Tablet  [<10 facts]","HS503","\i2b2\Medications\RXAUI:3257701\RXAUI:3257709\RXAUI:3257712\RXAUI:5087097\"
"5","RXCUI:239166","Glucose Oral Solution  [97 facts; 26 patients]","HS503","\i2b2\Medications\RXAUI:3257701\RXAUI:3257709\RXAUI:3257712\RXAUI:1234000\"
"5","RXCUI:371788","Diazoxide Oral Capsule","HS503","\i2b2\Medications\RXAUI:3257701\RXAUI:3257709\RXAUI:3257712\RXAUI:1576727\"
"5","RXCUI:371789","Diazoxide Oral Suspension  [483 facts; 17 patients]","HS503","\i2b2\Medications\RXAUI:3257701\RXAUI:3257709\RXAUI:3257712\RXAUI:1576728\"
"5","RXCUI:372326","Glucose Chewable Tablet  [930 facts; 208 patients]","HS503","\i2b2\Medications\RXAUI:3257701\RXAUI:3257709\RXAUI:3257712\RXAUI:1577259\"
"5","RXCUI:375975","Glucagon Injectable Solution  [133,253 facts; 10,539 patients]","HS503","\i2b2\Medications\RXAUI:3257701\RXAUI:3257709\RXAUI:3257712\RXAUI:1580888\"
"5","RXCUI:377980","Glucose Oral Gel  [3,462 facts; 378 patients]","HS503","\i2b2\Medications\RXAUI:3257701\RXAUI:3257709\RXAUI:3257712\RXAUI:1582871\"
"5","RXCUI:1534799","albiglutide Prefilled Syringe  [147 facts; 38 patients]","HS509","\i2b2\Medications\RXAUI:3257701\RXAUI:3257709\RXAUI:3257713\RXAUI:6332837\"
"5","RXCUI:486505","Pramlintide Injectable Solution  [88 facts; 23 patients]","HS509","\i2b2\Medications\RXAUI:3257701\RXAUI:3257709\RXAUI:3257713\RXAUI:2078762\"
"5","RXCUI:848103","Pramlintide Prefilled Syringe  [543 facts; 69 patients]","HS509","\i2b2\Medications\RXAUI:3257701\RXAUI:3257709\RXAUI:3257713\RXAUI:2967055\"
"5","RXCUI:897121","liraglutide Prefilled Syringe  [16,753 facts; 1,460 patients]","HS509","\i2b2\Medications\RXAUI:3257701\RXAUI:3257709\RXAUI:3257713\RXAUI:3052683\"
"4","RXCUI:727696","Teriparatide Prefilled Syringe  [1,096 facts; 184 patients]","HS600","\i2b2\Medications\RXAUI:3257701\RXAUI:3257714\RXAUI:2720094\"
"5","RXCUI:362629","Somatropin Injectable Solution  [<10 facts]","HS701","\i2b2\Medications\RXAUI:3257701\RXAUI:3257715\RXAUI:3257716\RXAUI:2356991\"
"5","RXCUI:362744","Somatropin Injectable Solution  [16 facts]","HS701","\i2b2\Medications\RXAUI:3257701\RXAUI:3257715\RXAUI:3257716\RXAUI:2055599\"
"5","RXCUI:362818","Somatropin Injectable Solution  [<10 facts]","HS701","\i2b2\Medications\RXAUI:3257701\RXAUI:3257715\RXAUI:3257716\RXAUI:2057236\"
"5","RXCUI:363297","Somatropin Injectable Solution ","HS701","\i2b2\Medications\RXAUI:3257701\RXAUI:3257715\RXAUI:3257716\RXAUI:2053426\"
"5","RXCUI:371633","Corticotropin Injectable Solution  [146 facts; 28 patients]","HS701","\i2b2\Medications\RXAUI:3257701\RXAUI:3257715\RXAUI:3257716\RXAUI:1576574\"
"5","RXCUI:373935","Somatropin Injectable Solution  [816 facts; 53 patients]","HS701","\i2b2\Medications\RXAUI:3257701\RXAUI:3257715\RXAUI:3257716\RXAUI:1578860\"
"5","RXCUI:375723","Corticotropin / zinc hydroxide Injectable Suspension","HS701","\i2b2\Medications\RXAUI:3257701\RXAUI:3257715\RXAUI:3257716\RXAUI:1580625\"
"5","RXCUI:376860","somatrem Injectable Solution","HS701","\i2b2\Medications\RXAUI:3257701\RXAUI:3257715\RXAUI:3257716\RXAUI:1581777\"
"5","RXCUI:377075","cetrorelix Injectable Solution  [<10 facts]","HS701","\i2b2\Medications\RXAUI:3257701\RXAUI:3257715\RXAUI:3257716\RXAUI:1581989\"
"5","RXCUI:378972","Somatropin Injectable Suspension","HS701","\i2b2\Medications\RXAUI:3257701\RXAUI:3257715\RXAUI:3257716\RXAUI:1583845\"
"5","RXCUI:406302","pegvisomant Injectable Solution  [32 facts]","HS701","\i2b2\Medications\RXAUI:3257701\RXAUI:3257715\RXAUI:3257716\RXAUI:1669023\"
"5","RXCUI:541143","Somatropin Injectable Solution ","HS701","\i2b2\Medications\RXAUI:3257701\RXAUI:3257715\RXAUI:3257716\RXAUI:2255220\"
"5","RXCUI:582983","Somatropin Injectable Solution ","HS701","\i2b2\Medications\RXAUI:3257701\RXAUI:3257715\RXAUI:3257716\RXAUI:2309809\"
"5","RXCUI:645883","Somatropin Injectable Solution ","HS701","\i2b2\Medications\RXAUI:3257701\RXAUI:3257715\RXAUI:3257716\RXAUI:2551197\"
"5","RXCUI:727641","Somatropin Prefilled Syringe  [808 facts; 126 patients]","HS701","\i2b2\Medications\RXAUI:3257701\RXAUI:3257715\RXAUI:3257716\RXAUI:2720042\"
"5","RXCUI:746600","Somatropin Injectable Solution ","HS701","\i2b2\Medications\RXAUI:3257701\RXAUI:3257715\RXAUI:3257716\RXAUI:2756705\"
"5","RXCUI:749806","lanreotide Prefilled Syringe  [299 facts]","HS701","\i2b2\Medications\RXAUI:3257701\RXAUI:3257715\RXAUI:3257716\RXAUI:2761378\"
"5","RXCUI:762832","Somatropin Prefilled Syringe  [<10 facts]","HS701","\i2b2\Medications\RXAUI:3257701\RXAUI:3257715\RXAUI:3257716\RXAUI:2775286\"
"5","RXCUI:847244","Somatropin Prefilled Syringe  [15 facts]","HS701","\i2b2\Medications\RXAUI:3257701\RXAUI:3257715\RXAUI:3257716\RXAUI:2966155\"
"5","RXCUI:864112","Somatropin Prefilled Syringe  [11 facts]","HS701","\i2b2\Medications\RXAUI:3257701\RXAUI:3257715\RXAUI:3257716\RXAUI:2994208\"
"5","RXCUI:897043","Somatropin Prefilled Syringe ","HS701","\i2b2\Medications\RXAUI:3257701\RXAUI:3257715\RXAUI:3257716\RXAUI:3052512\"
"5","RXCUI:371714","desmopressin Injectable Solution  [3,590 facts; 308 patients]","HS702","\i2b2\Medications\RXAUI:3257701\RXAUI:3257715\RXAUI:3257717\RXAUI:2959950\"
"5","RXCUI:371715","desmopressin Nasal Solution  [227 facts; 30 patients]","HS702","\i2b2\Medications\RXAUI:3257701\RXAUI:3257715\RXAUI:3257717\RXAUI:2959951\"
"5","RXCUI:371716","desmopressin Oral Tablet  [6,447 facts; 447 patients]","HS702","\i2b2\Medications\RXAUI:3257701\RXAUI:3257715\RXAUI:3257717\RXAUI:2959952\"
"5","RXCUI:374283","Vasopressin (USP) Injectable Solution  [30,105 facts; 1,897 patients]","HS702","\i2b2\Medications\RXAUI:3257701\RXAUI:3257715\RXAUI:3257717\RXAUI:2929365\"
"5","RXCUI:374284","Vasopressin (USP) Injectable Suspension","HS702","\i2b2\Medications\RXAUI:3257701\RXAUI:3257715\RXAUI:3257717\RXAUI:2929366\"
"5","RXCUI:374371","desmopressin Nasal Spray  [2,049 facts; 102 patients]","HS702","\i2b2\Medications\RXAUI:3257701\RXAUI:3257715\RXAUI:3257717\RXAUI:2959970\"
"5","RXCUI:375913","Chlorobutanol / Posterior Pituitary Hormones Injectable Solution","HS702","\i2b2\Medications\RXAUI:3257701\RXAUI:3257715\RXAUI:3257717\RXAUI:1580810\"
"5","RXCUI:379410","lypressin Nasal Spray","HS702","\i2b2\Medications\RXAUI:3257701\RXAUI:3257715\RXAUI:3257717\RXAUI:2960021\"
"5","RXCUI:831448","desmopressin Mucosal Spray","HS702","\i2b2\Medications\RXAUI:3257701\RXAUI:3257715\RXAUI:3257717\RXAUI:2960123\"
"4","RXCUI:1488099","Progesterone Prefilled Applicator  [88 facts; 26 patients]","HS800","\i2b2\Medications\RXAUI:3257701\RXAUI:3257718\RXAUI:5941910\"
"4","RXCUI:372739","Medroxyprogesterone Oral Tablet  [17,585 facts; 1,674 patients]","HS800","\i2b2\Medications\RXAUI:3257701\RXAUI:3257718\RXAUI:1577673\"
"4","RXCUI:372747","Megestrol Oral Suspension  [12,103 facts; 484 patients]","HS800","\i2b2\Medications\RXAUI:3257701\RXAUI:3257718\RXAUI:1577681\"
"4","RXCUI:372748","Megestrol Oral Tablet  [4,375 facts; 326 patients]","HS800","\i2b2\Medications\RXAUI:3257701\RXAUI:3257718\RXAUI:1577682\"
"4","RXCUI:373114","Norethindrone Oral Tablet  [827 facts; 129 patients]","HS800","\i2b2\Medications\RXAUI:3257701\RXAUI:3257718\RXAUI:1578047\"
"4","RXCUI:373616","Progesterone Oral Capsule  [8,826 facts; 1,450 patients]","HS800","\i2b2\Medications\RXAUI:3257701\RXAUI:3257718\RXAUI:1578549\"
"4","RXCUI:373619","Progesterone Vaginal Suppository  [217 facts; 53 patients]","HS800","\i2b2\Medications\RXAUI:3257701\RXAUI:3257718\RXAUI:1578552\"
"4","RXCUI:374412","Progesterone Injectable Solution  [368 facts; 99 patients]","HS800","\i2b2\Medications\RXAUI:3257701\RXAUI:3257718\RXAUI:1579319\"
"4","RXCUI:374662","Hydroxyprogesterone Injectable Solution  [1,440 facts; 89 patients]","HS800","\i2b2\Medications\RXAUI:3257701\RXAUI:3257718\RXAUI:2062638\"
"4","RXCUI:378653","Medroxyprogesterone Injectable Suspension  [55,677 facts; 3,120 patients]","HS800","\i2b2\Medications\RXAUI:3257701\RXAUI:3257718\RXAUI:1583542\"
"4","RXCUI:725093","Progesterone Vaginal Tablet  [278 facts; 74 patients]","HS800","\i2b2\Medications\RXAUI:3257701\RXAUI:3257718\RXAUI:2715595\"
"4","RXCUI:727610","Medroxyprogesterone Prefilled Syringe  [2,196 facts; 380 patients]","HS800","\i2b2\Medications\RXAUI:3257701\RXAUI:3257718\RXAUI:2720011\"
"5","RXCUI:368142","Thyroxine Oral Tablet  [19,273 facts; 2,491 patients]","HS851","\i2b2\Medications\RXAUI:3257701\RXAUI:3257719\RXAUI:3257720\RXAUI:2054622\"
"5","RXCUI:372594","Thyroxine Injectable Solution  [17,872 facts; 757 patients]","HS851","\i2b2\Medications\RXAUI:3257701\RXAUI:3257719\RXAUI:3257720\RXAUI:1939074\"
"5","RXCUI:372595","Thyroxine Oral Tablet  [670,220 facts; 32,921 patients]","HS851","\i2b2\Medications\RXAUI:3257701\RXAUI:3257719\RXAUI:3257720\RXAUI:1577537\"
"5","RXCUI:372596","Thyroxine / Triiodothyronine Oral Tablet  [15 facts]","HS851","\i2b2\Medications\RXAUI:3257701\RXAUI:3257719\RXAUI:3257720\RXAUI:1577538\"
"5","RXCUI:372611","Triiodothyronine Oral Tablet  [10,601 facts; 864 patients]","HS851","\i2b2\Medications\RXAUI:3257701\RXAUI:3257719\RXAUI:3257720\RXAUI:1577552\"
"5","RXCUI:374117","Thyroglobulin Oral Tablet","HS851","\i2b2\Medications\RXAUI:3257701\RXAUI:3257719\RXAUI:3257720\RXAUI:1579035\"
"5","RXCUI:374120","thyroid (USP) Delayed Release Oral Tablet","HS851","\i2b2\Medications\RXAUI:3257701\RXAUI:3257719\RXAUI:3257720\RXAUI:6337389\"
"5","RXCUI:374122","thyroid (USP) Oral Tablet  [23,464 facts; 2,167 patients]","HS851","\i2b2\Medications\RXAUI:3257701\RXAUI:3257719\RXAUI:3257720\RXAUI:3500982\"
"5","RXCUI:374636","thyroid (USP) Oral Capsule  [20 facts]","HS851","\i2b2\Medications\RXAUI:3257701\RXAUI:3257719\RXAUI:3257720\RXAUI:3500983\"
"5","RXCUI:377000","CALCIUM IODIZED / PEPTONE,DRIED / thyroid (USP) Oral Tablet","HS851","\i2b2\Medications\RXAUI:3257701\RXAUI:3257719\RXAUI:3257720\RXAUI:3500980\"
"5","RXCUI:377133","Triiodothyronine Injectable Solution  [34 facts]","HS851","\i2b2\Medications\RXAUI:3257701\RXAUI:3257719\RXAUI:3257720\RXAUI:1582044\"
"5","RXCUI:687432","Thyroxine Oral Capsule  [4,935 facts; 931 patients]","HS851","\i2b2\Medications\RXAUI:3257701\RXAUI:3257719\RXAUI:3257720\RXAUI:2624561\"
"5","RXCUI:372827","Methimazole Oral Tablet  [11,931 facts; 781 patients]","HS852","\i2b2\Medications\RXAUI:3257701\RXAUI:3257719\RXAUI:3257721\RXAUI:1577758\"
"5","RXCUI:373658","Propylthiouracil Oral Tablet  [1,470 facts; 89 patients]","HS852","\i2b2\Medications\RXAUI:3257701\RXAUI:3257719\RXAUI:3257721\RXAUI:1578586\"
"5","RXCUI:373918","Sodium Iodide Injectable Solution","HS852","\i2b2\Medications\RXAUI:3257701\RXAUI:3257719\RXAUI:3257721\RXAUI:1578843\"
"5","RXCUI:374537","Iodine / Potassium Iodide Oral Solution  [721 facts; 92 patients]","HS852","\i2b2\Medications\RXAUI:3257701\RXAUI:3257719\RXAUI:3257721\RXAUI:1579455\"
"4","RXCUI:370549","Alprostadil Urethral Suppository  [142 facts; 29 patients]","HS875","\i2b2\Medications\RXAUI:3257701\RXAUI:3257722\RXAUI:1938965\"
"4","RXCUI:370550","Alprostadil Injectable Solution  [1,255 facts; 92 patients]","HS875","\i2b2\Medications\RXAUI:3257701\RXAUI:3257722\RXAUI:1575516\"
"4","RXCUI:371284","Carboprost Injectable Solution  [59,735 facts; 7,888 patients]","HS875","\i2b2\Medications\RXAUI:3257701\RXAUI:3257722\RXAUI:1576247\"
"4","RXCUI:371878","Dinoprost Injectable Solution","HS875","\i2b2\Medications\RXAUI:3257701\RXAUI:3257722\RXAUI:1576818\"
"4","RXCUI:371881","Dinoprostone Vaginal Suppository","HS875","\i2b2\Medications\RXAUI:3257701\RXAUI:3257722\RXAUI:1576821\"
"4","RXCUI:376885","Epoprostenol Injectable Solution  [2,028 facts; 65 patients]","HS875","\i2b2\Medications\RXAUI:3257701\RXAUI:3257722\RXAUI:1581800\"
"4","RXCUI:377266","Dinoprostone Vaginal Gel","HS875","\i2b2\Medications\RXAUI:3257701\RXAUI:3257722\RXAUI:1582171\"
"4","RXCUI:584159","Dinoprostone Drug Implant  [159 facts; 19 patients]","HS875","\i2b2\Medications\RXAUI:3257701\RXAUI:3257722\RXAUI:2310331\"
"4","RXCUI:762399","Alprostadil Prefilled Syringe  [140 facts; 32 patients]","HS875","\i2b2\Medications\RXAUI:3257701\RXAUI:3257722\RXAUI:2774513\"
"4","RXCUI:1044586","tesamorelin Injectable Solution  [17 facts]","HS900","\i2b2\Medications\RXAUI:3257701\RXAUI:3257723\RXAUI:3516551\"
"4","RXCUI:1090995","Ethinyl Estradiol / Norethindrone Oral Tablet  [51 facts; 16 patients]","HS900","\i2b2\Medications\RXAUI:3257701\RXAUI:3257723\RXAUI:3620970\"
"4","RXCUI:1364108","pasireotide Injectable Solution  [<10 facts]","HS900","\i2b2\Medications\RXAUI:3257701\RXAUI:3257723\RXAUI:5461426\"
"4","RXCUI:1370975","Ospemifene Oral Tablet  [344 facts; 74 patients]","HS900","\i2b2\Medications\RXAUI:3257701\RXAUI:3257723\RXAUI:5073699\"
"4","RXCUI:1441390","bazedoxifene / Estrogens, Conjugated (USP) Oral Tablet  [36 facts; 12 patients]","HS900","\i2b2\Medications\RXAUI:3257701\RXAUI:3257723\RXAUI:5530530\"
"4","RXCUI:1490046","ELOSULFASE ALFA Injectable Solution  [26 facts]","HS900","\i2b2\Medications\RXAUI:3257701\RXAUI:3257723\RXAUI:5945261\"
"4","RXCUI:1491628","metreleptin Injectable Solution","HS900","\i2b2\Medications\RXAUI:3257701\RXAUI:3257723\RXAUI:5948327\"
"4","RXCUI:1536440","Alendronate Effervescent Oral Tablet  [37 facts; 12 patients]","HS900","\i2b2\Medications\RXAUI:3257701\RXAUI:3257723\RXAUI:6335838\"
"4","RXCUI:370565","Aminoglutethimide Oral Tablet","HS900","\i2b2\Medications\RXAUI:3257701\RXAUI:3257723\RXAUI:1575529\"
"4","RXCUI:371188","salmon calcitonin Injectable Solution  [1,660 facts; 78 patients]","HS900","\i2b2\Medications\RXAUI:3257701\RXAUI:3257723\RXAUI:1576143\"
"4","RXCUI:371677","Diethylstilbestrol / Methyltestosterone Oral Tablet","HS900","\i2b2\Medications\RXAUI:3257701\RXAUI:3257723\RXAUI:1576615\"
"4","RXCUI:372120","Etidronate Oral Tablet  [11 facts]","HS900","\i2b2\Medications\RXAUI:3257701\RXAUI:3257723\RXAUI:1577057\"
"4","RXCUI:372199","Finasteride Oral Tablet  [58,383 facts; 3,407 patients]","HS900","\i2b2\Medications\RXAUI:3257701\RXAUI:3257723\RXAUI:1577132\"
"4","RXCUI:373747","Raloxifene Oral Tablet  [4,045 facts; 605 patients]","HS900","\i2b2\Medications\RXAUI:3257701\RXAUI:3257723\RXAUI:1578667\"
"4","RXCUI:373864","Sermorelin Injectable Solution","HS900","\i2b2\Medications\RXAUI:3257701\RXAUI:3257723\RXAUI:1578779\"
"4","RXCUI:374215","trilostane Oral Capsule","HS900","\i2b2\Medications\RXAUI:3257701\RXAUI:3257723\RXAUI:1579129\"
"4","RXCUI:374447","Estradiol / Testosterone Injectable Solution  [36 facts; 11 patients]","HS900","\i2b2\Medications\RXAUI:3257701\RXAUI:3257723\RXAUI:1579355\"
"4","RXCUI:374565","Nonoxynol-9 Vaginal Suppository","HS900","\i2b2\Medications\RXAUI:3257701\RXAUI:3257723\RXAUI:1579484\"
"4","RXCUI:374644","Mifepristone Oral Tablet  [18 facts]","HS900","\i2b2\Medications\RXAUI:3257701\RXAUI:3257723\RXAUI:1579568\"
"4","RXCUI:374899","salmon calcitonin Nasal Spray  [6,579 facts; 549 patients]","HS900","\i2b2\Medications\RXAUI:3257701\RXAUI:3257723\RXAUI:1579831\"
"4","RXCUI:375820","Ethinyl Estradiol / Fluoxymesterone Oral Tablet","HS900","\i2b2\Medications\RXAUI:3257701\RXAUI:3257723\RXAUI:1580714\"
"4","RXCUI:376641","pamidronate Injectable Solution  [1,029 facts; 197 patients]","HS900","\i2b2\Medications\RXAUI:3257701\RXAUI:3257723\RXAUI:2467202\"
"4","RXCUI:377086","Human calcitonin Injectable Solution","HS900","\i2b2\Medications\RXAUI:3257701\RXAUI:3257723\RXAUI:1581999\"
"4","RXCUI:377101","Etidronate Injectable Solution","HS900","\i2b2\Medications\RXAUI:3257701\RXAUI:3257723\RXAUI:1582014\"
"4","RXCUI:377105","gallium nitrate Injectable Solution","HS900","\i2b2\Medications\RXAUI:3257701\RXAUI:3257723\RXAUI:1582018\"
"4","RXCUI:377267","Octoxynol-9 Vaginal Gel","HS900","\i2b2\Medications\RXAUI:3257701\RXAUI:3257723\RXAUI:1582172\"
"4","RXCUI:377268","Nonoxynol-9 Vaginal Gel  [14 facts]","HS900","\i2b2\Medications\RXAUI:3257701\RXAUI:3257723\RXAUI:1582173\"
"4","RXCUI:377771","Nonoxynol-9 Vaginal Foam  [<10 facts]","HS900","\i2b2\Medications\RXAUI:3257701\RXAUI:3257723\RXAUI:1582674\"
"4","RXCUI:378370","thyrotropin alfa (USP) Injectable Solution  [66 facts]","HS900","\i2b2\Medications\RXAUI:3257701\RXAUI:3257723\RXAUI:2960006\"
"4","RXCUI:378716","Dutasteride Oral Capsule  [4,572 facts; 756 patients]","HS900","\i2b2\Medications\RXAUI:3257701\RXAUI:3257723\RXAUI:1583600\"
"4","RXCUI:378717","nitisinone Oral Capsule","HS900","\i2b2\Medications\RXAUI:3257701\RXAUI:3257723\RXAUI:1939470\"
"4","RXCUI:378782","zoledronic acid Injectable Solution  [12,611 facts; 980 patients]","HS900","\i2b2\Medications\RXAUI:3257701\RXAUI:3257723\RXAUI:1583665\"
"4","RXCUI:378836","Estrogens, Conjugated (USP) / Methyltestosterone Oral Tablet","HS900","\i2b2\Medications\RXAUI:3257701\RXAUI:3257723\RXAUI:1583716\"
"4","RXCUI:378838","Estrogens, Esterified (USP) / Methyltestosterone Oral Tablet  [1,334 facts; 247 patients]","HS900","\i2b2\Medications\RXAUI:3257701\RXAUI:3257723\RXAUI:1583717\"
"4","RXCUI:393315","agalsidase beta Injectable Solution  [310 facts]","HS900","\i2b2\Medications\RXAUI:3257701\RXAUI:3257723\RXAUI:1640784\"
"4","RXCUI:402347","Miglustat Oral Capsule","HS900","\i2b2\Medications\RXAUI:3257701\RXAUI:3257723\RXAUI:1662147\"
"4","RXCUI:406117","Laronidase Injectable Solution  [99 facts]","HS900","\i2b2\Medications\RXAUI:3257701\RXAUI:3257723\RXAUI:1668837\"
"4","RXCUI:437935","Betaine Oral Solution  [60 facts; 16 patients]","HS900","\i2b2\Medications\RXAUI:3257701\RXAUI:3257723\RXAUI:1767317\"
"4","RXCUI:438654","cinacalcet Oral Tablet  [12,987 facts; 472 patients]","HS900","\i2b2\Medications\RXAUI:3257701\RXAUI:3257723\RXAUI:2062742\"
"4","RXCUI:452247","alfuzosin Extended Release Oral Capsule","HS900","\i2b2\Medications\RXAUI:3257701\RXAUI:3257723\RXAUI:6344844\"
"4","RXCUI:452852","Ibandronate Oral Tablet  [5,512 facts; 1,034 patients]","HS900","\i2b2\Medications\RXAUI:3257701\RXAUI:3257723\RXAUI:1782848\"
"4","RXCUI:486509","Palifermin Injectable Solution","HS900","\i2b2\Medications\RXAUI:3257701\RXAUI:3257723\RXAUI:2356009\"
"4","RXCUI:578036","galsulfase Injectable Solution","HS900","\i2b2\Medications\RXAUI:3257701\RXAUI:3257723\RXAUI:2535829\"
"4","RXCUI:604805","mecasermin Injectable Solution  [<10 facts]","HS900","\i2b2\Medications\RXAUI:3257701\RXAUI:3257723\RXAUI:2382488\"
"4","RXCUI:616610","conivaptan Injectable Solution  [593 facts; 21 patients]","HS900","\i2b2\Medications\RXAUI:3257701\RXAUI:3257723\RXAUI:2454691\"
"4","RXCUI:616882","mecasermin rinfabate Injectable Solution  [<10 facts]","HS900","\i2b2\Medications\RXAUI:3257701\RXAUI:3257723\RXAUI:2454834\"
"4","RXCUI:617278","Risedronate Oral Tablet  [2,138 facts; 435 patients]","HS900","\i2b2\Medications\RXAUI:3257701\RXAUI:3257723\RXAUI:2455056\"
"4","RXCUI:617512","Ibandronate Injectable Solution  [<10 facts]","HS900","\i2b2\Medications\RXAUI:3257701\RXAUI:3257723\RXAUI:2457077\"
"4","RXCUI:629567","alglucosidase alfa Injectable Solution  [120 facts]","HS900","\i2b2\Medications\RXAUI:3257701\RXAUI:3257723\RXAUI:2527085\"
"4","RXCUI:630678","alglucosidase alfa Injectable Solution ","HS900","\i2b2\Medications\RXAUI:3257701\RXAUI:3257723\RXAUI:2527601\"
"4","RXCUI:644103","idursulfase Injectable Solution  [204 facts]","HS900","\i2b2\Medications\RXAUI:3257701\RXAUI:3257723\RXAUI:2929420\"
"4","RXCUI:721622","Estradiol / Norethindrone Transdermal Patch  [330 facts; 65 patients]","HS900","\i2b2\Medications\RXAUI:3257701\RXAUI:3257723\RXAUI:2703950\"
"4","RXCUI:727807","Ibandronate Prefilled Syringe  [842 facts; 46 patients]","HS900","\i2b2\Medications\RXAUI:3257701\RXAUI:3257723\RXAUI:2720191\"
"4","RXCUI:751211","Ethinyl Estradiol / Norethindrone Oral Tablet ","HS900","\i2b2\Medications\RXAUI:3257701\RXAUI:3257723\RXAUI:5078391\"
"4","RXCUI:827579","Sapropterin Oral Solution  [<10 facts]","HS900","\i2b2\Medications\RXAUI:3257701\RXAUI:3257723\RXAUI:2935842\"
"4","RXCUI:849826","tolvaptan Oral Tablet  [937 facts; 27 patients]","HS900","\i2b2\Medications\RXAUI:3257701\RXAUI:3257723\RXAUI:2969478\"
"4","RXCUI:853482","Nafarelin Nasal Spray","HS900","\i2b2\Medications\RXAUI:3257701\RXAUI:3257723\RXAUI:2975236\"
"4","RXCUI:904395","Alendronate Oral Tablet  [37,021 facts; 5,133 patients]","HS900","\i2b2\Medications\RXAUI:3257701\RXAUI:3257723\RXAUI:5048447\"
"4","RXCUI:904446","Alendronate Oral Solution  [205 facts; 65 patients]","HS900","\i2b2\Medications\RXAUI:3257701\RXAUI:3257723\RXAUI:5048448\"
"4","RXCUI:904461","Alendronate / Cholecalciferol Oral Tablet  [510 facts; 113 patients]","HS900","\i2b2\Medications\RXAUI:3257701\RXAUI:3257723\RXAUI:5048449\"
"4","RXCUI:905007","tiludronic acid Oral Tablet","HS900","\i2b2\Medications\RXAUI:3257701\RXAUI:3257723\RXAUI:3067112\"
"4","RXCUI:993071","alglucosidase alfa Injectable Solution ","HS900","\i2b2\Medications\RXAUI:3257701\RXAUI:3257723\RXAUI:3266010\"
